_id,pair,orderReversed,condition,visualClarityChoice,visualCreativityChoice,narrativeClarityChoice,narrativeCreativityChoice,overallChoice,workerId,assignmentId,vclarity,vcreativity,nclarity,ncreativity,overall
ObjectId(5f5119357135b900043ea8ba),ObjectId(5f4d85cb11775029c4746a1f),FALSE,c,p22-w-story1,p22-w-story1,p15-c-story1,p22-w-story1,p22-w-story1,A002160837SWJFPIAI7L7,3LYA37P8IQMJCPA4TMKDNJLEX8GKBP,0,0,1,0,0
ObjectId(5f51197d7135b900043ea8c1),ObjectId(5f4d85cb11775029c4746a2d),FALSE,c,p18-c-story2,p18-c-story2,p18-c-story2,p18-c-story2,p1-w-story2,A002160837SWJFPIAI7L7,3LYA37P8IQMJCPA4TMKDNJLEX8GKBP,1,1,1,1,0
ObjectId(5f5119bb7135b900043ea8c7),ObjectId(5f4d85cb11775029c4746a38),TRUE,w,p20-w-story3,p20-w-story3,p20-w-story3,p2-c-story3,p20-w-story3,A002160837SWJFPIAI7L7,3LYA37P8IQMJCPA4TMKDNJLEX8GKBP,1,1,1,0,1
ObjectId(5f5119ee7135b900043ea8ce),ObjectId(5f4d85cb11775029c4746a3b),TRUE,w,p16-w-story3,p16-w-story3,p16-w-story3,p16-w-story3,p16-w-story3,A002160837SWJFPIAI7L7,3LYA37P8IQMJCPA4TMKDNJLEX8GKBP,1,1,1,1,1
ObjectId(5f511a127135b900043ea8d6),ObjectId(5f4d85cb11775029c4746a3e),TRUE,w,p10-w-story3,p13-c-story3,p10-w-story3,p10-w-story3,p10-w-story3,A002160837SWJFPIAI7L7,3LYA37P8IQMJCPA4TMKDNJLEX8GKBP,1,0,1,1,1
ObjectId(5f511a3e7135b900043ea8dd),ObjectId(5f4d85cb11775029c4746a43),TRUE,w,p16-w-story3,p21-c-story3,p16-w-story3,p16-w-story3,p16-w-story3,A002160837SWJFPIAI7L7,3LYA37P8IQMJCPA4TMKDNJLEX8GKBP,1,0,1,1,1
ObjectId(5f511a5f7135b900043ea8e5),ObjectId(5f4d85cb11775029c4746a44),FALSE,c,p20-w-story3,p21-c-story3,p20-w-story3,p20-w-story3,p20-w-story3,A002160837SWJFPIAI7L7,3LYA37P8IQMJCPA4TMKDNJLEX8GKBP,0,1,0,0,0
ObjectId(5f511ad47135b900043ea8f3),ObjectId(5f4d85cb11775029c4746a22),FALSE,c,p6-w-story1,p6-w-story1,p6-w-story1,p6-w-story1,p6-w-story1,A12FTSX85NQ8N9,3S3AMIZX3U4U8OW0F5ULUQW6VKJDCC,0,0,0,0,0
ObjectId(5f511b427135b900043ea90d),ObjectId(5f4d85cb11775029c4746a26),TRUE,w,p7-c-story2,p5-w-story2,p7-c-story2,p5-w-story2,p5-w-story2,A12FTSX85NQ8N9,3S3AMIZX3U4U8OW0F5ULUQW6VKJDCC,0,1,0,1,1
ObjectId(5f511b807135b900043ea92f),ObjectId(5f4d85cb11775029c4746a28),FALSE,c,p7-c-story2,p14-w-story2,p14-w-story2,p14-w-story2,p14-w-story2,A12FTSX85NQ8N9,3S3AMIZX3U4U8OW0F5ULUQW6VKJDCC,1,0,0,0,0
ObjectId(5f511be37135b900043ea938),ObjectId(5f4d85cb11775029c4746a29),FALSE,c,p1-w-story2,p17-c-story2,p17-c-story2,p17-c-story2,p17-c-story2,A12FTSX85NQ8N9,3S3AMIZX3U4U8OW0F5ULUQW6VKJDCC,0,1,1,1,1
ObjectId(5f511c2c7135b900043ea93b),ObjectId(5f4d85cb11775029c4746a35),FALSE,c,p8-w-story3,p8-w-story3,p8-w-story3,p8-w-story3,p8-w-story3,A12FTSX85NQ8N9,3S3AMIZX3U4U8OW0F5ULUQW6VKJDCC,0,0,0,0,0
ObjectId(5f5119267135b900043ea8b7),ObjectId(5f4d85cb11775029c4746a19),FALSE,c,p3-w-story1,p11-c-story1,p3-w-story1,p11-c-story1,p11-c-story1,A12UOIO3KBRF7M,3E1QT0TDFP894WM9Q7FRJ1G0XY6I8D,0,1,0,1,1
ObjectId(5f51197c7135b900043ea8bf),ObjectId(5f4d85cb11775029c4746a19),TRUE,w,p3-w-story1,p3-w-story1,p11-c-story1,p11-c-story1,p3-w-story1,A134IAUFUHDREI,37UQDCYH6XUAQO1QF9M4KQAZUGW7VC,1,1,0,0,1
ObjectId(5f511a157135b900043ea8d7),ObjectId(5f4d85cb11775029c4746a2f),FALSE,c,p18-c-story2,p18-c-story2,p18-c-story2,p18-c-story2,p18-c-story2,A134IAUFUHDREI,37UQDCYH6XUAQO1QF9M4KQAZUGW7VC,1,1,1,1,1
ObjectId(5f511a827135b900043ea8e9),ObjectId(5f4d85cb11775029c4746a33),FALSE,c,p12-w-story2,p12-w-story2,p12-w-story2,p12-w-story2,p12-w-story2,A134IAUFUHDREI,37UQDCYH6XUAQO1QF9M4KQAZUGW7VC,0,0,0,0,0
ObjectId(5f511ad47135b900043ea8f4),ObjectId(5f4d85cb11775029c4746a35),TRUE,w,p2-c-story3,p8-w-story3,p8-w-story3,p8-w-story3,p8-w-story3,A134IAUFUHDREI,37UQDCYH6XUAQO1QF9M4KQAZUGW7VC,0,1,1,1,1
ObjectId(5f511b407135b900043ea90c),ObjectId(5f4d85cb11775029c4746a36),TRUE,w,p2-c-story3,p2-c-story3,p2-c-story3,p2-c-story3,p2-c-story3,A134IAUFUHDREI,37UQDCYH6XUAQO1QF9M4KQAZUGW7VC,0,0,0,0,0
ObjectId(5f511be27135b900043ea937),ObjectId(5f4d85cb11775029c4746a38),FALSE,c,p2-c-story3,p2-c-story3,p2-c-story3,p2-c-story3,p2-c-story3,A134IAUFUHDREI,37UQDCYH6XUAQO1QF9M4KQAZUGW7VC,1,1,1,1,1
ObjectId(5f511c557135b900043ea93d),ObjectId(5f4d85cb11775029c4746a44),FALSE,c,p21-c-story3,p20-w-story3,p21-c-story3,p21-c-story3,p21-c-story3,A134IAUFUHDREI,37UQDCYH6XUAQO1QF9M4KQAZUGW7VC,1,0,1,1,1
ObjectId(5f52b4da98e2a700042c506e),ObjectId(5f4d85cb11775029c4746a1c),TRUE,w,p11-c-story1,p11-c-story1,p11-c-story1,p11-c-story1,p11-c-story1,A18ST05BTABPGC,3WS1NTTKEYB7CGFGUVWRNPXQYBXF0X,0,0,0,0,0
ObjectId(5f52b50898e2a700042c506f),ObjectId(5f4d85cb11775029c4746a23),FALSE,c,p22-w-story1,p22-w-story1,p22-w-story1,p22-w-story1,p22-w-story1,A18ST05BTABPGC,3WS1NTTKEYB7CGFGUVWRNPXQYBXF0X,0,0,0,0,0
ObjectId(5f511b927135b900043ea932),ObjectId(5f4d85cb11775029c4746a26),TRUE,w,p5-w-story2,p5-w-story2,p5-w-story2,p5-w-story2,p5-w-story2,A18ST05BTABPGC,3RXPCZQMQPADX5WT1Y69JFGC4F8G1Z,1,1,1,1,1
ObjectId(5f511ca17135b900043ea943),ObjectId(5f4d85cb11775029c4746a29),FALSE,c,p17-c-story2,p17-c-story2,p17-c-story2,p17-c-story2,p17-c-story2,A18ST05BTABPGC,3RXPCZQMQPADX5WT1Y69JFGC4F8G1Z,1,1,1,1,1
ObjectId(5f511d717135b900043ea958),ObjectId(5f4d85cb11775029c4746a31),FALSE,c,p23-c-story2,p23-c-story2,p23-c-story2,p23-c-story2,p23-c-story2,A18ST05BTABPGC,3RXPCZQMQPADX5WT1Y69JFGC4F8G1Z,1,1,1,1,1
ObjectId(5f511d8d7135b900043ea95c),ObjectId(5f4d85cb11775029c4746a37),TRUE,w,p2-c-story3,p2-c-story3,p2-c-story3,p2-c-story3,p2-c-story3,A18ST05BTABPGC,3RXPCZQMQPADX5WT1Y69JFGC4F8G1Z,0,0,0,0,0
ObjectId(5f52b5b898e2a700042c5071),ObjectId(5f4d85cb11775029c4746a39),TRUE,w,p8-w-story3,p8-w-story3,p8-w-story3,p8-w-story3,p8-w-story3,A18ST05BTABPGC,3WS1NTTKEYB7CGFGUVWRNPXQYBXF0X,1,1,1,1,1
ObjectId(5f52b5d098e2a700042c5072),ObjectId(5f4d85cb11775029c4746a3a),TRUE,w,p10-w-story3,p10-w-story3,p10-w-story3,p10-w-story3,p10-w-story3,A18ST05BTABPGC,3WS1NTTKEYB7CGFGUVWRNPXQYBXF0X,1,1,1,1,1
ObjectId(5f511daa7135b900043ea95f),ObjectId(5f4d85cb11775029c4746a3e),TRUE,w,p10-w-story3,p10-w-story3,p10-w-story3,p10-w-story3,p10-w-story3,A18ST05BTABPGC,3RXPCZQMQPADX5WT1Y69JFGC4F8G1Z,1,1,1,1,1
ObjectId(5f511df57135b900043ea960),ObjectId(5f4d85cb11775029c4746a44),FALSE,c,p21-c-story3,p21-c-story3,p21-c-story3,p21-c-story3,p21-c-story3,A18ST05BTABPGC,3RXPCZQMQPADX5WT1Y69JFGC4F8G1Z,1,1,1,1,1
ObjectId(5f512e0b7135b900043ea9ad),ObjectId(5f4d85cb11775029c4746a1a),FALSE,c,p6-w-story1,p11-c-story1,p11-c-story1,p11-c-story1,p11-c-story1,A196XR61DIW5GU,36W0OB37HWDOSXCCTFXJW9CPWUYHZO,0,1,1,1,1
ObjectId(5f512e4f7135b900043ea9ae),ObjectId(5f4d85cb11775029c4746a1c),FALSE,c,p24-w-story1,p11-c-story1,p11-c-story1,p24-w-story1,p11-c-story1,A196XR61DIW5GU,36W0OB37HWDOSXCCTFXJW9CPWUYHZO,0,1,1,0,1
ObjectId(5f511a5f7135b900043ea8e6),ObjectId(5f4d85cb11775029c4746a1d),FALSE,c,p15-c-story1,p3-w-story1,p15-c-story1,p3-w-story1,p3-w-story1,A1FKRZKU1H9YFC,3LUY3GC63ZZXL44UTXD5EYLH8SVP79,1,0,1,0,0
ObjectId(5f511a8c7135b900043ea8ea),ObjectId(5f4d85cb11775029c4746a22),FALSE,c,p6-w-story1,p6-w-story1,p6-w-story1,p6-w-story1,p6-w-story1,A1FKRZKU1H9YFC,3LUY3GC63ZZXL44UTXD5EYLH8SVP79,0,0,0,0,0
ObjectId(5f511af77135b900043ea8f7),ObjectId(5f4d85cb11775029c4746a26),TRUE,w,p7-c-story2,p7-c-story2,p7-c-story2,p7-c-story2,p7-c-story2,A1FKRZKU1H9YFC,3LUY3GC63ZZXL44UTXD5EYLH8SVP79,0,0,0,0,0
ObjectId(5f511b527135b900043ea913),ObjectId(5f4d85cb11775029c4746a35),TRUE,w,p8-w-story3,p8-w-story3,p8-w-story3,p8-w-story3,p8-w-story3,A1FKRZKU1H9YFC,3LUY3GC63ZZXL44UTXD5EYLH8SVP79,1,1,1,1,1
ObjectId(5f511b8b7135b900043ea931),ObjectId(5f4d85cb11775029c4746a39),FALSE,c,p8-w-story3,p8-w-story3,p8-w-story3,p8-w-story3,p8-w-story3,A1FKRZKU1H9YFC,3LUY3GC63ZZXL44UTXD5EYLH8SVP79,0,0,0,0,0
ObjectId(5f5119317135b900043ea8b8),ObjectId(5f4d85cb11775029c4746a17),TRUE,w,p9-c-story1,p9-c-story1,p9-c-story1,p9-c-story1,p9-c-story1,A1FTG02J21468P,3PB5A5BD0V5R8RBVQENIKP7P718G7W,0,0,0,0,0
ObjectId(5f5119d17135b900043ea8cb),ObjectId(5f4d85cb11775029c4746a21),FALSE,c,p19-c-story1,p19-c-story1,p19-c-story1,p19-c-story1,p19-c-story1,A1FTG02J21468P,3PB5A5BD0V5R8RBVQENIKP7P718G7W,1,1,1,1,1
ObjectId(5f511b9b7135b900043ea933),ObjectId(5f4d85cb11775029c4746a28),TRUE,w,p14-w-story2,p14-w-story2,p14-w-story2,p14-w-story2,p14-w-story2,A1FTG02J21468P,3PB5A5BD0V5R8RBVQENIKP7P718G7W,1,1,1,1,1
ObjectId(5f511c0c7135b900043ea93a),ObjectId(5f4d85cb11775029c4746a29),FALSE,c,p1-w-story2,p1-w-story2,p1-w-story2,p1-w-story2,p1-w-story2,A1FTG02J21468P,3PB5A5BD0V5R8RBVQENIKP7P718G7W,0,0,0,0,0
ObjectId(5f511c7c7135b900043ea93f),ObjectId(5f4d85cb11775029c4746a31),TRUE,w,p23-c-story2,p23-c-story2,p23-c-story2,p23-c-story2,p23-c-story2,A1FTG02J21468P,3PB5A5BD0V5R8RBVQENIKP7P718G7W,0,0,0,0,0
ObjectId(5f511d127135b900043ea952),ObjectId(5f4d85cb11775029c4746a32),FALSE,c,p5-w-story2,p5-w-story2,p5-w-story2,p5-w-story2,p5-w-story2,A1FTG02J21468P,3PB5A5BD0V5R8RBVQENIKP7P718G7W,0,0,0,0,0
ObjectId(5f511b077135b900043ea8f9),ObjectId(5f4d85cb11775029c4746a39),FALSE,c,p8-w-story3,p8-w-story3,p8-w-story3,p8-w-story3,p8-w-story3,A1FTG02J21468P,3PB5A5BD0V5R8RBVQENIKP7P718G7W,0,0,0,0,0
ObjectId(5f511d817135b900043ea95a),ObjectId(5f4d85cb11775029c4746a40),FALSE,c,p13-c-story3,p13-c-story3,p13-c-story3,p13-c-story3,p13-c-story3,A1FTG02J21468P,3PB5A5BD0V5R8RBVQENIKP7P718G7W,1,1,1,1,1
ObjectId(5f4f12951425ed0004a72daf),ObjectId(5f4d85cb11775029c4746a1d),FALSE,c,p3-w-story1,p3-w-story1,p3-w-story1,p3-w-story1,p3-w-story1,A1G187YBG0DVMQ,3QXNC7EIPIUYB6O3R9WZDTBFV7090L,0,0,0,0,0
ObjectId(5f4f12b01425ed0004a72db0),ObjectId(5f4d85cb11775029c4746a26),TRUE,w,p5-w-story2,p5-w-story2,p5-w-story2,p5-w-story2,p5-w-story2,A1G187YBG0DVMQ,3QXNC7EIPIUYB6O3R9WZDTBFV7090L,1,1,1,1,1
ObjectId(5f4f12cf1425ed0004a72db3),ObjectId(5f4d85cb11775029c4746a2c),TRUE,w,p17-c-story2,p17-c-story2,p14-w-story2,p17-c-story2,p17-c-story2,A1G187YBG0DVMQ,3QXNC7EIPIUYB6O3R9WZDTBFV7090L,0,0,1,0,0
ObjectId(5f4f12ed1425ed0004a72db4),ObjectId(5f4d85cb11775029c4746a32),TRUE,w,p23-c-story2,p23-c-story2,p23-c-story2,p23-c-story2,p23-c-story2,A1G187YBG0DVMQ,3QXNC7EIPIUYB6O3R9WZDTBFV7090L,0,0,0,0,0
ObjectId(5f4f130c1425ed0004a72db7),ObjectId(5f4d85cb11775029c4746a37),FALSE,c,p16-w-story3,p16-w-story3,p16-w-story3,p16-w-story3,p16-w-story3,A1G187YBG0DVMQ,3QXNC7EIPIUYB6O3R9WZDTBFV7090L,0,0,0,0,0
ObjectId(5f5121c47135b900043ea998),ObjectId(5f4d85cb11775029c4746a16),TRUE,w,p6-w-story1,p6-w-story1,p6-w-story1,p6-w-story1,p6-w-story1,A1I72NHC21347A,37M28K1J0QCJIVZU5NK5RT1V01VAJL,1,1,1,1,1
ObjectId(5f5122017135b900043ea99e),ObjectId(5f4d85cb11775029c4746a2e),TRUE,w,p18-c-story2,p18-c-story2,p18-c-story2,p18-c-story2,p18-c-story2,A1I72NHC21347A,37M28K1J0QCJIVZU5NK5RT1V01VAJL,0,0,0,0,0
ObjectId(5f51224b7135b900043ea9a4),ObjectId(5f4d85cb11775029c4746a3a),TRUE,w,p4-c-story3,p4-c-story3,p4-c-story3,p4-c-story3,p4-c-story3,A1I72NHC21347A,37M28K1J0QCJIVZU5NK5RT1V01VAJL,0,0,0,0,0
ObjectId(5f51226e7135b900043ea9a6),ObjectId(5f4d85cb11775029c4746a3c),FALSE,c,p20-w-story3,p20-w-story3,p20-w-story3,p20-w-story3,p20-w-story3,A1I72NHC21347A,37M28K1J0QCJIVZU5NK5RT1V01VAJL,0,0,0,0,0
ObjectId(5f5122937135b900043ea9a8),ObjectId(5f4d85cb11775029c4746a41),TRUE,w,p8-w-story3,p8-w-story3,p8-w-story3,p8-w-story3,p8-w-story3,A1I72NHC21347A,37M28K1J0QCJIVZU5NK5RT1V01VAJL,1,1,1,1,1
ObjectId(5f5119fa7135b900043ea8d1),ObjectId(5f4d85cb11775029c4746a17),TRUE,w,p9-c-story1,p9-c-story1,p9-c-story1,p9-c-story1,p9-c-story1,A1M682B2WUSYJP,30LSNF239UUYIHKKAQ6Q9A3XBYEI2A,0,0,0,0,0
ObjectId(5f511a277135b900043ea8da),ObjectId(5f4d85cb11775029c4746a25),FALSE,c,p1-w-story2,p1-w-story2,p1-w-story2,p1-w-story2,p1-w-story2,A1M682B2WUSYJP,30LSNF239UUYIHKKAQ6Q9A3XBYEI2A,0,0,0,0,0
ObjectId(5f511a507135b900043ea8df),ObjectId(5f4d85cb11775029c4746a38),TRUE,w,p2-c-story3,p2-c-story3,p2-c-story3,p2-c-story3,p2-c-story3,A1M682B2WUSYJP,30LSNF239UUYIHKKAQ6Q9A3XBYEI2A,0,0,0,0,0
ObjectId(5f511b4d7135b900043ea90f),ObjectId(5f4d85cb11775029c4746a43),TRUE,w,p21-c-story3,p21-c-story3,p21-c-story3,p21-c-story3,p21-c-story3,A1M682B2WUSYJP,30LSNF239UUYIHKKAQ6Q9A3XBYEI2A,0,0,0,0,0
ObjectId(5f511b7f7135b900043ea92e),ObjectId(5f4d85cb11775029c4746a44),TRUE,w,p21-c-story3,p21-c-story3,p20-w-story3,p20-w-story3,p21-c-story3,A1M682B2WUSYJP,30LSNF239UUYIHKKAQ6Q9A3XBYEI2A,0,0,1,1,0
ObjectId(5f52a20298e2a700042c4fd2),ObjectId(5f4d85cb11775029c4746a16),TRUE,w,p6-w-story1,p6-w-story1,p6-w-story1,p6-w-story1,p6-w-story1,A1OWHPMKE7YAGL,3LJ7UR74RHC0ZWAYBK267XWCHEXN4Q,1,1,1,1,1
ObjectId(5f52a31b98e2a700042c5003),ObjectId(5f4d85cb11775029c4746a25),FALSE,c,p1-w-story2,p1-w-story2,p7-c-story2,p7-c-story2,p7-c-story2,A1OWHPMKE7YAGL,3LJ7UR74RHC0ZWAYBK267XWCHEXN4Q,0,0,1,1,1
ObjectId(5f52a50b98e2a700042c5024),ObjectId(5f4d85cb11775029c4746a27),TRUE,w,p12-w-story2,p12-w-story2,p7-c-story2,p12-w-story2,p12-w-story2,A1OWHPMKE7YAGL,3LJ7UR74RHC0ZWAYBK267XWCHEXN4Q,1,1,0,1,1
ObjectId(5f52a59698e2a700042c502e),ObjectId(5f4d85cb11775029c4746a28),FALSE,c,p7-c-story2,p14-w-story2,p7-c-story2,p7-c-story2,p7-c-story2,A1OWHPMKE7YAGL,3LJ7UR74RHC0ZWAYBK267XWCHEXN4Q,1,0,1,1,1
ObjectId(5f52a64798e2a700042c503a),ObjectId(5f4d85cb11775029c4746a2f),FALSE,c,p12-w-story2,p12-w-story2,p12-w-story2,p18-c-story2,p12-w-story2,A1OWHPMKE7YAGL,3LJ7UR74RHC0ZWAYBK267XWCHEXN4Q,0,0,0,1,0
ObjectId(5f52a7a798e2a700042c5046),ObjectId(5f4d85cb11775029c4746a42),FALSE,c,p10-w-story3,p10-w-story3,p10-w-story3,p10-w-story3,p10-w-story3,A1OWHPMKE7YAGL,3LJ7UR74RHC0ZWAYBK267XWCHEXN4Q,0,0,0,0,0
ObjectId(5f52a79a98e2a700042c5044),ObjectId(5f4d85cb11775029c4746a17),FALSE,c,p9-c-story1,p9-c-story1,p9-c-story1,p9-c-story1,p9-c-story1,A1Q490PGBOT912,3OVR4I9USPIL2TNQRCUNBRRHMPKQ4G,1,1,1,1,1
ObjectId(5f52a7b898e2a700042c5048),ObjectId(5f4d85cb11775029c4746a2b),FALSE,c,p17-c-story2,p17-c-story2,p17-c-story2,p17-c-story2,p17-c-story2,A1Q490PGBOT912,3OVR4I9USPIL2TNQRCUNBRRHMPKQ4G,1,1,1,1,1
ObjectId(5f52a7e598e2a700042c504c),ObjectId(5f4d85cb11775029c4746a33),TRUE,w,p23-c-story2,p23-c-story2,p23-c-story2,p23-c-story2,p23-c-story2,A1Q490PGBOT912,3OVR4I9USPIL2TNQRCUNBRRHMPKQ4G,0,0,0,0,0
ObjectId(5f52a7fe98e2a700042c504f),ObjectId(5f4d85cb11775029c4746a34),FALSE,c,p23-c-story2,p23-c-story2,p23-c-story2,p23-c-story2,p23-c-story2,A1Q490PGBOT912,3OVR4I9USPIL2TNQRCUNBRRHMPKQ4G,1,1,1,1,1
ObjectId(5f52a82698e2a700042c5051),ObjectId(5f4d85cb11775029c4746a3b),TRUE,w,p16-w-story3,p16-w-story3,p16-w-story3,p16-w-story3,p16-w-story3,A1Q490PGBOT912,3OVR4I9USPIL2TNQRCUNBRRHMPKQ4G,1,1,1,1,1
ObjectId(5f511c427135b900043ea93c),ObjectId(5f4d85cb11775029c4746a1a),TRUE,w,p6-w-story1,p6-w-story1,p11-c-story1,p11-c-story1,p6-w-story1,A1Q8LP6TE293F4,3GNCZX450IMF462S00PPOPN7901APL,1,1,0,0,1
ObjectId(5f511cea7135b900043ea94d),ObjectId(5f4d85cb11775029c4746a28),FALSE,c,p14-w-story2,p7-c-story2,p7-c-story2,p7-c-story2,p7-c-story2,A1Q8LP6TE293F4,3GNCZX450IMF462S00PPOPN7901APL,0,1,1,1,1
ObjectId(5f511d297135b900043ea955),ObjectId(5f4d85cb11775029c4746a29),FALSE,c,p17-c-story2,p17-c-story2,p1-w-story2,p1-w-story2,p17-c-story2,A1Q8LP6TE293F4,3GNCZX450IMF462S00PPOPN7901APL,1,1,0,0,1
ObjectId(5f511e317135b900043ea962),ObjectId(5f4d85cb11775029c4746a2a),FALSE,c,p17-c-story2,p17-c-story2,p17-c-story2,p5-w-story2,p5-w-story2,A1Q8LP6TE293F4,3GNCZX450IMF462S00PPOPN7901APL,1,1,1,0,0
ObjectId(5f511e567135b900043ea963),ObjectId(5f4d85cb11775029c4746a31),TRUE,w,p23-c-story2,p23-c-story2,p1-w-story2,p1-w-story2,p1-w-story2,A1Q8LP6TE293F4,3GNCZX450IMF462S00PPOPN7901APL,0,0,1,1,1
ObjectId(5f511e807135b900043ea965),ObjectId(5f4d85cb11775029c4746a32),TRUE,w,p5-w-story2,p5-w-story2,p5-w-story2,p23-c-story2,p23-c-story2,A1Q8LP6TE293F4,3GNCZX450IMF462S00PPOPN7901APL,1,1,1,0,0
ObjectId(5f511eb87135b900043ea96c),ObjectId(5f4d85cb11775029c4746a37),TRUE,w,p16-w-story3,p2-c-story3,p2-c-story3,p2-c-story3,p2-c-story3,A1Q8LP6TE293F4,3GNCZX450IMF462S00PPOPN7901APL,1,0,0,0,0
ObjectId(5f511ee97135b900043ea976),ObjectId(5f4d85cb11775029c4746a3d),TRUE,w,p8-w-story3,p13-c-story3,p13-c-story3,p13-c-story3,p8-w-story3,A1Q8LP6TE293F4,3GNCZX450IMF462S00PPOPN7901APL,1,0,0,0,1
ObjectId(5f511b867135b900043ea930),ObjectId(5f4d85cb11775029c4746a20),TRUE,w,p24-w-story1,p24-w-story1,p24-w-story1,p24-w-story1,p24-w-story1,A1XVEKS9O73ERE,39OWYR0EPKQ49BB12370FHRAALHFYX,1,1,1,1,1
ObjectId(5f511c067135b900043ea939),ObjectId(5f4d85cb11775029c4746a21),TRUE,w,p19-c-story1,p19-c-story1,p19-c-story1,p19-c-story1,p19-c-story1,A1XVEKS9O73ERE,39OWYR0EPKQ49BB12370FHRAALHFYX,0,0,0,0,0
ObjectId(5f511c5b7135b900043ea93e),ObjectId(5f4d85cb11775029c4746a33),FALSE,c,p12-w-story2,p12-w-story2,p12-w-story2,p12-w-story2,p12-w-story2,A1XVEKS9O73ERE,39OWYR0EPKQ49BB12370FHRAALHFYX,0,0,0,0,0
ObjectId(5f511cab7135b900043ea944),ObjectId(5f4d85cb11775029c4746a38),FALSE,c,p20-w-story3,p20-w-story3,p20-w-story3,p20-w-story3,p20-w-story3,A1XVEKS9O73ERE,39OWYR0EPKQ49BB12370FHRAALHFYX,0,0,0,0,0
ObjectId(5f511d177135b900043ea953),ObjectId(5f4d85cb11775029c4746a43),TRUE,w,p16-w-story3,p16-w-story3,p16-w-story3,p16-w-story3,p16-w-story3,A1XVEKS9O73ERE,39OWYR0EPKQ49BB12370FHRAALHFYX,1,1,1,1,1
ObjectId(5f52a8b098e2a700042c505a),ObjectId(5f4d85cb11775029c4746a17),FALSE,c,p9-c-story1,p22-w-story1,p22-w-story1,p22-w-story1,p22-w-story1,A1YFVXP4A1CXSF,3F0BG9B9MPMRUIWVKK9ORPETC0R7YK,1,0,0,0,0
ObjectId(5f52aa3498e2a700042c5065),ObjectId(5f4d85cb11775029c4746a1a),FALSE,c,p6-w-story1,p6-w-story1,p6-w-story1,p6-w-story1,p6-w-story1,A1YFVXP4A1CXSF,3F0BG9B9MPMRUIWVKK9ORPETC0R7YK,0,0,0,0,0
ObjectId(5f52aae298e2a700042c506a),ObjectId(5f4d85cb11775029c4746a2b),FALSE,c,p12-w-story2,p17-c-story2,p17-c-story2,p17-c-story2,p17-c-story2,A1YFVXP4A1CXSF,3F0BG9B9MPMRUIWVKK9ORPETC0R7YK,0,1,1,1,1
ObjectId(5f52ab9198e2a700042c506c),ObjectId(5f4d85cb11775029c4746a33),FALSE,c,p12-w-story2,p23-c-story2,p23-c-story2,p23-c-story2,p23-c-story2,A1YFVXP4A1CXSF,3F0BG9B9MPMRUIWVKK9ORPETC0R7YK,0,1,1,1,1
ObjectId(5f52ac1698e2a700042c506d),ObjectId(5f4d85cb11775029c4746a34),TRUE,w,p23-c-story2,p23-c-story2,p23-c-story2,p23-c-story2,p23-c-story2,A1YFVXP4A1CXSF,3F0BG9B9MPMRUIWVKK9ORPETC0R7YK,0,0,0,0,0
ObjectId(5f52a09598e2a700042c4fa1),ObjectId(5f4d85cb11775029c4746a1c),TRUE,w,p11-c-story1,p11-c-story1,p11-c-story1,p11-c-story1,p11-c-story1,A23KAJRDVCVGOE,3IKZ72A5B4FAXC7NV1YPY1T3646FN6,0,0,0,0,0
ObjectId(5f52a0b398e2a700042c4fa2),ObjectId(5f4d85cb11775029c4746a1f),FALSE,c,p15-c-story1,p15-c-story1,p15-c-story1,p22-w-story1,p15-c-story1,A23KAJRDVCVGOE,3IKZ72A5B4FAXC7NV1YPY1T3646FN6,1,1,1,0,1
ObjectId(5f52a0da98e2a700042c4fa5),ObjectId(5f4d85cb11775029c4746a25),FALSE,c,p1-w-story2,p1-w-story2,p1-w-story2,p1-w-story2,p1-w-story2,A23KAJRDVCVGOE,3IKZ72A5B4FAXC7NV1YPY1T3646FN6,0,0,0,0,0
ObjectId(5f52a0ff98e2a700042c4fa9),ObjectId(5f4d85cb11775029c4746a32),FALSE,c,p23-c-story2,p23-c-story2,p23-c-story2,p23-c-story2,p23-c-story2,A23KAJRDVCVGOE,3IKZ72A5B4FAXC7NV1YPY1T3646FN6,1,1,1,1,1
ObjectId(5f52a11a98e2a700042c4fae),ObjectId(5f4d85cb11775029c4746a34),TRUE,w,p23-c-story2,p23-c-story2,p23-c-story2,p23-c-story2,p23-c-story2,A23KAJRDVCVGOE,3IKZ72A5B4FAXC7NV1YPY1T3646FN6,0,0,0,0,0
ObjectId(5f52a13898e2a700042c4fb4),ObjectId(5f4d85cb11775029c4746a36),TRUE,w,p2-c-story3,p2-c-story3,p2-c-story3,p2-c-story3,p2-c-story3,A23KAJRDVCVGOE,3IKZ72A5B4FAXC7NV1YPY1T3646FN6,0,0,0,0,0
ObjectId(5f5121117135b900043ea992),ObjectId(5f4d85cb11775029c4746a15),FALSE,c,p9-c-story1,p3-w-story1,p3-w-story1,p3-w-story1,p9-c-story1,A24HQE7STL1RP,37WLF8U1WPPD6DT9XV35C3ZMJ75K64,1,0,0,0,1
ObjectId(5f5121c87135b900043ea999),ObjectId(5f4d85cb11775029c4746a1e),FALSE,c,p6-w-story1,p6-w-story1,p6-w-story1,p6-w-story1,p6-w-story1,A24HQE7STL1RP,37WLF8U1WPPD6DT9XV35C3ZMJ75K64,0,0,0,0,0
ObjectId(5f5121f77135b900043ea99d),ObjectId(5f4d85cb11775029c4746a23),TRUE,w,p19-c-story1,p19-c-story1,p19-c-story1,p19-c-story1,p19-c-story1,A24HQE7STL1RP,37WLF8U1WPPD6DT9XV35C3ZMJ75K64,0,0,0,0,0
ObjectId(5f51221f7135b900043ea9a2),ObjectId(5f4d85cb11775029c4746a2d),TRUE,w,p1-w-story2,p1-w-story2,p1-w-story2,p1-w-story2,p1-w-story2,A24HQE7STL1RP,37WLF8U1WPPD6DT9XV35C3ZMJ75K64,1,1,1,1,1
ObjectId(5f51225d7135b900043ea9a5),ObjectId(5f4d85cb11775029c4746a3c),TRUE,w,p4-c-story3,p4-c-story3,p4-c-story3,p4-c-story3,p4-c-story3,A24HQE7STL1RP,37WLF8U1WPPD6DT9XV35C3ZMJ75K64,0,0,0,0,0
ObjectId(5f5122b37135b900043ea9a9),ObjectId(5f4d85cb11775029c4746a18),FALSE,c,p24-w-story1,p24-w-story1,p24-w-story1,p24-w-story1,p24-w-story1,A270HX8LH9LJ8W,39N5ACM9HEM1ZNSN8UBPSUCN3IJP9L,0,0,0,0,0
ObjectId(5f52a23b98e2a700042c4fdb),ObjectId(5f4d85cb11775029c4746a19),FALSE,c,p11-c-story1,p3-w-story1,p3-w-story1,p3-w-story1,p3-w-story1,A28K6JLPLZ8IU1,37M28K1J0QCJIVZU5NK5RT1V04OAJK,1,0,0,0,0
ObjectId(5f52a28a98e2a700042c4feb),ObjectId(5f4d85cb11775029c4746a22),FALSE,c,p6-w-story1,p6-w-story1,p6-w-story1,p6-w-story1,p19-c-story1,A28K6JLPLZ8IU1,37M28K1J0QCJIVZU5NK5RT1V04OAJK,0,0,0,0,1
ObjectId(5f52a2b198e2a700042c4ff2),ObjectId(5f4d85cb11775029c4746a2a),FALSE,c,p17-c-story2,p17-c-story2,p17-c-story2,p17-c-story2,p17-c-story2,A28K6JLPLZ8IU1,37M28K1J0QCJIVZU5NK5RT1V04OAJK,1,1,1,1,1
ObjectId(5f52a2e198e2a700042c4ffa),ObjectId(5f4d85cb11775029c4746a31),TRUE,w,p1-w-story2,p23-c-story2,p1-w-story2,p1-w-story2,p1-w-story2,A28K6JLPLZ8IU1,37M28K1J0QCJIVZU5NK5RT1V04OAJK,1,0,1,1,1
ObjectId(5f52a30a98e2a700042c4fff),ObjectId(5f4d85cb11775029c4746a42),TRUE,w,p10-w-story3,p21-c-story3,p10-w-story3,p10-w-story3,p10-w-story3,A28K6JLPLZ8IU1,37M28K1J0QCJIVZU5NK5RT1V04OAJK,1,0,1,1,1
ObjectId(5f511eab7135b900043ea96a),ObjectId(5f4d85cb11775029c4746a1d),TRUE,w,p3-w-story1,p15-c-story1,p3-w-story1,p3-w-story1,p3-w-story1,A292N98YNVO16T,3OHYZ19UGC4XJ6QRL0CAZPIHZV5AO4,1,0,1,1,1
ObjectId(5f511ecb7135b900043ea971),ObjectId(5f4d85cb11775029c4746a30),TRUE,w,p18-c-story2,p18-c-story2,p18-c-story2,p18-c-story2,p18-c-story2,A292N98YNVO16T,3OHYZ19UGC4XJ6QRL0CAZPIHZV5AO4,0,0,0,0,0
ObjectId(5f511ee87135b900043ea975),ObjectId(5f4d85cb11775029c4746a34),TRUE,w,p14-w-story2,p14-w-story2,p14-w-story2,p14-w-story2,p14-w-story2,A292N98YNVO16T,3OHYZ19UGC4XJ6QRL0CAZPIHZV5AO4,1,1,1,1,1
ObjectId(5f511f417135b900043ea986),ObjectId(5f4d85cb11775029c4746a3d),FALSE,c,p8-w-story3,p13-c-story3,p8-w-story3,p8-w-story3,p8-w-story3,A292N98YNVO16T,3OHYZ19UGC4XJ6QRL0CAZPIHZV5AO4,0,1,0,0,0
ObjectId(5f511f667135b900043ea989),ObjectId(5f4d85cb11775029c4746a3f),FALSE,c,p13-c-story3,p13-c-story3,p13-c-story3,p13-c-story3,p13-c-story3,A292N98YNVO16T,3OHYZ19UGC4XJ6QRL0CAZPIHZV5AO4,1,1,1,1,1
ObjectId(5f51184c7135b900043ea8a7),ObjectId(5f4d85cb11775029c4746a1c),TRUE,w,p24-w-story1,p24-w-story1,p24-w-story1,p24-w-story1,p24-w-story1,A2AW7OOL3JXRR7,3DHE4R9OCWAKMQEPK26NOYQHWLMG2G,1,1,1,1,1
ObjectId(5f51189b7135b900043ea8ab),ObjectId(5f4d85cb11775029c4746a30),FALSE,c,p14-w-story2,p14-w-story2,p14-w-story2,p14-w-story2,p14-w-story2,A2AW7OOL3JXRR7,3DHE4R9OCWAKMQEPK26NOYQHWLMG2G,0,0,0,0,0
ObjectId(5f5118ca7135b900043ea8ae),ObjectId(5f4d85cb11775029c4746a33),FALSE,c,p23-c-story2,p23-c-story2,p23-c-story2,p23-c-story2,p23-c-story2,A2AW7OOL3JXRR7,3DHE4R9OCWAKMQEPK26NOYQHWLMG2G,1,1,1,1,1
ObjectId(5f5119237135b900043ea8b6),ObjectId(5f4d85cb11775029c4746a36),FALSE,c,p2-c-story3,p2-c-story3,p2-c-story3,p2-c-story3,p2-c-story3,A2AW7OOL3JXRR7,3DHE4R9OCWAKMQEPK26NOYQHWLMG2G,1,1,1,1,1
ObjectId(5f51197c7135b900043ea8c0),ObjectId(5f4d85cb11775029c4746a38),TRUE,w,p2-c-story3,p2-c-story3,p2-c-story3,p2-c-story3,p2-c-story3,A2AW7OOL3JXRR7,3DHE4R9OCWAKMQEPK26NOYQHWLMG2G,0,0,0,0,0
ObjectId(5f5119d37135b900043ea8cc),ObjectId(5f4d85cb11775029c4746a3b),TRUE,w,p16-w-story3,p16-w-story3,p16-w-story3,p16-w-story3,p16-w-story3,A2AW7OOL3JXRR7,3DHE4R9OCWAKMQEPK26NOYQHWLMG2G,1,1,1,1,1
ObjectId(5f511a037135b900043ea8d3),ObjectId(5f4d85cb11775029c4746a3d),TRUE,w,p13-c-story3,p13-c-story3,p13-c-story3,p13-c-story3,p13-c-story3,A2AW7OOL3JXRR7,3DHE4R9OCWAKMQEPK26NOYQHWLMG2G,0,0,0,0,0
ObjectId(5f511a4a7135b900043ea8de),ObjectId(5f4d85cb11775029c4746a43),TRUE,w,p21-c-story3,p21-c-story3,p21-c-story3,p21-c-story3,p21-c-story3,A2AW7OOL3JXRR7,3DHE4R9OCWAKMQEPK26NOYQHWLMG2G,0,0,0,0,0
ObjectId(5f511a797135b900043ea8e8),ObjectId(5f4d85cb11775029c4746a44),FALSE,c,p20-w-story3,p20-w-story3,p20-w-story3,p20-w-story3,p20-w-story3,A2AW7OOL3JXRR7,3DHE4R9OCWAKMQEPK26NOYQHWLMG2G,0,0,0,0,0
ObjectId(5f52a25098e2a700042c4fe0),ObjectId(5f4d85cb11775029c4746a16),TRUE,w,p6-w-story1,p6-w-story1,p6-w-story1,p6-w-story1,p6-w-story1,A2FGKKWP33DFWS,3DQQ64TANGKCBJ5V15LH6EKY1MXPWA,1,1,1,1,1
ObjectId(5f52a2c498e2a700042c4ff5),ObjectId(5f4d85cb11775029c4746a18),FALSE,c,p24-w-story1,p24-w-story1,p24-w-story1,p24-w-story1,p24-w-story1,A2FGKKWP33DFWS,3DQQ64TANGKCBJ5V15LH6EKY1MXPWA,0,0,0,0,0
ObjectId(5f52a32c98e2a700042c5006),ObjectId(5f4d85cb11775029c4746a19),FALSE,c,p3-w-story1,p3-w-story1,p11-c-story1,p11-c-story1,p11-c-story1,A2FGKKWP33DFWS,3DQQ64TANGKCBJ5V15LH6EKY1MXPWA,0,0,1,1,1
ObjectId(5f52a49a98e2a700042c501d),ObjectId(5f4d85cb11775029c4746a1c),TRUE,w,p11-c-story1,p11-c-story1,p11-c-story1,p11-c-story1,p11-c-story1,A2FGKKWP33DFWS,3DQQ64TANGKCBJ5V15LH6EKY1MXPWA,0,0,0,0,0
ObjectId(5f52a4f898e2a700042c5023),ObjectId(5f4d85cb11775029c4746a25),TRUE,w,p1-w-story2,p1-w-story2,p1-w-story2,p7-c-story2,p7-c-story2,A2FGKKWP33DFWS,3DQQ64TANGKCBJ5V15LH6EKY1MXPWA,1,1,1,0,0
ObjectId(5f52a55998e2a700042c502c),ObjectId(5f4d85cb11775029c4746a2f),FALSE,c,p12-w-story2,p12-w-story2,p12-w-story2,p12-w-story2,p12-w-story2,A2FGKKWP33DFWS,3DQQ64TANGKCBJ5V15LH6EKY1MXPWA,0,0,0,0,0
ObjectId(5f52a55098e2a700042c502b),ObjectId(5f4d85cb11775029c4746a24),FALSE,c,p19-c-story1,p24-w-story1,p24-w-story1,p24-w-story1,p24-w-story1,A2H8I5RMCV8F9H,3QY5DC2MXRJNS2RWS2ABCWLXE0ZFUY,1,0,0,0,0
ObjectId(5f52a58298e2a700042c502d),ObjectId(5f4d85cb11775029c4746a2d),FALSE,c,p1-w-story2,p1-w-story2,p1-w-story2,p1-w-story2,p1-w-story2,A2H8I5RMCV8F9H,3QY5DC2MXRJNS2RWS2ABCWLXE0ZFUY,0,0,0,0,0
ObjectId(5f52a5a798e2a700042c502f),ObjectId(5f4d85cb11775029c4746a30),TRUE,w,p14-w-story2,p18-c-story2,p14-w-story2,p18-c-story2,p18-c-story2,A2H8I5RMCV8F9H,3QY5DC2MXRJNS2RWS2ABCWLXE0ZFUY,1,0,1,0,0
ObjectId(5f52a5da98e2a700042c5031),ObjectId(5f4d85cb11775029c4746a39),TRUE,w,p8-w-story3,p4-c-story3,p8-w-story3,p8-w-story3,p8-w-story3,A2H8I5RMCV8F9H,3QY5DC2MXRJNS2RWS2ABCWLXE0ZFUY,1,0,1,1,1
ObjectId(5f52a60698e2a700042c5033),ObjectId(5f4d85cb11775029c4746a3a),TRUE,w,p10-w-story3,p4-c-story3,p10-w-story3,p10-w-story3,p10-w-story3,A2H8I5RMCV8F9H,3QY5DC2MXRJNS2RWS2ABCWLXE0ZFUY,1,0,1,1,1
ObjectId(5f52a62398e2a700042c5035),ObjectId(5f4d85cb11775029c4746a3d),TRUE,w,p8-w-story3,p13-c-story3,p8-w-story3,p13-c-story3,p8-w-story3,A2H8I5RMCV8F9H,3QY5DC2MXRJNS2RWS2ABCWLXE0ZFUY,1,0,1,0,1
ObjectId(5f52a64598e2a700042c5038),ObjectId(5f4d85cb11775029c4746a40),TRUE,w,p13-c-story3,p20-w-story3,p13-c-story3,p20-w-story3,p20-w-story3,A2H8I5RMCV8F9H,3QY5DC2MXRJNS2RWS2ABCWLXE0ZFUY,0,1,0,1,1
ObjectId(5f5118c67135b900043ea8ad),ObjectId(5f4d85cb11775029c4746a1b),FALSE,c,p22-w-story1,p22-w-story1,p22-w-story1,p22-w-story1,p22-w-story1,A2LMQ4497NMK3S,3CCZ6YKWR7IX6DA4OF2BUO76CII59F,0,0,0,0,0
ObjectId(5f51175b7135b900043ea896),ObjectId(5f4d85cb11775029c4746a17),FALSE,c,p9-c-story1,p9-c-story1,p9-c-story1,p9-c-story1,p9-c-story1,A2MZF2HKTB7PF3,3FDJT1UU747HN9TVSCT0KXLMNCUK5O,1,1,1,1,1
ObjectId(5f5117767135b900043ea898),ObjectId(5f4d85cb11775029c4746a24),FALSE,c,p24-w-story1,p24-w-story1,p24-w-story1,p24-w-story1,p24-w-story1,A2MZF2HKTB7PF3,3FDJT1UU747HN9TVSCT0KXLMNCUK5O,0,0,0,0,0
ObjectId(5f5117a77135b900043ea89b),ObjectId(5f4d85cb11775029c4746a25),TRUE,w,p1-w-story2,p1-w-story2,p1-w-story2,p1-w-story2,p1-w-story2,A2MZF2HKTB7PF3,3FDJT1UU747HN9TVSCT0KXLMNCUK5O,1,1,1,1,1
ObjectId(5f5117bc7135b900043ea89e),ObjectId(5f4d85cb11775029c4746a39),FALSE,c,p8-w-story3,p8-w-story3,p8-w-story3,p8-w-story3,p8-w-story3,A2MZF2HKTB7PF3,3FDJT1UU747HN9TVSCT0KXLMNCUK5O,0,0,0,0,0
ObjectId(5f5117fa7135b900043ea8a1),ObjectId(5f4d85cb11775029c4746a43),FALSE,c,p16-w-story3,p21-c-story3,p16-w-story3,p16-w-story3,p16-w-story3,A2MZF2HKTB7PF3,3FDJT1UU747HN9TVSCT0KXLMNCUK5O,0,1,0,0,0
ObjectId(5f52a63d98e2a700042c5037),ObjectId(5f4d85cb11775029c4746a1b),FALSE,c,p11-c-story1,p22-w-story1,p11-c-story1,p11-c-story1,p11-c-story1,A2PIFMM4Q2I9ZS,323Q6SJS8IFINGLCS33CTHW7KSXFHX,1,0,1,1,1
ObjectId(5f52a65998e2a700042c503b),ObjectId(5f4d85cb11775029c4746a2e),TRUE,w,p5-w-story2,p5-w-story2,p5-w-story2,p5-w-story2,p5-w-story2,A2PIFMM4Q2I9ZS,323Q6SJS8IFINGLCS33CTHW7KSXFHX,1,1,1,1,1
ObjectId(5f52a67d98e2a700042c503e),ObjectId(5f4d85cb11775029c4746a3c),TRUE,w,p20-w-story3,p20-w-story3,p20-w-story3,p20-w-story3,p20-w-story3,A2PIFMM4Q2I9ZS,323Q6SJS8IFINGLCS33CTHW7KSXFHX,1,1,1,1,1
ObjectId(5f52a69e98e2a700042c503f),ObjectId(5f4d85cb11775029c4746a3d),FALSE,c,p13-c-story3,p13-c-story3,p13-c-story3,p13-c-story3,p13-c-story3,A2PIFMM4Q2I9ZS,323Q6SJS8IFINGLCS33CTHW7KSXFHX,1,1,1,1,1
ObjectId(5f52a6b998e2a700042c5041),ObjectId(5f4d85cb11775029c4746a3f),FALSE,c,p16-w-story3,p16-w-story3,p16-w-story3,p16-w-story3,p16-w-story3,A2PIFMM4Q2I9ZS,323Q6SJS8IFINGLCS33CTHW7KSXFHX,0,0,0,0,0
ObjectId(5f52a2d698e2a700042c4ff8),ObjectId(5f4d85cb11775029c4746a19),FALSE,c,p11-c-story1,p11-c-story1,p3-w-story1,p11-c-story1,p11-c-story1,A2R5TVQYSZE74K,32M8BPYGATLOXBSR95RFBEXYLKCGIQ,1,1,0,1,1
ObjectId(5f52a32398e2a700042c5005),ObjectId(5f4d85cb11775029c4746a22),FALSE,c,p6-w-story1,p6-w-story1,p6-w-story1,p19-c-story1,p6-w-story1,A2R5TVQYSZE74K,32M8BPYGATLOXBSR95RFBEXYLKCGIQ,0,0,0,1,0
ObjectId(5f52a36198e2a700042c500a),ObjectId(5f4d85cb11775029c4746a2f),TRUE,w,p12-w-story2,p12-w-story2,p18-c-story2,p12-w-story2,p12-w-story2,A2R5TVQYSZE74K,32M8BPYGATLOXBSR95RFBEXYLKCGIQ,1,1,0,1,1
ObjectId(5f52a3a998e2a700042c500d),ObjectId(5f4d85cb11775029c4746a31),TRUE,w,p23-c-story2,p23-c-story2,p23-c-story2,p1-w-story2,p23-c-story2,A2R5TVQYSZE74K,32M8BPYGATLOXBSR95RFBEXYLKCGIQ,0,0,0,1,0
ObjectId(5f52a3d498e2a700042c500e),ObjectId(5f4d85cb11775029c4746a42),FALSE,c,p21-c-story3,p21-c-story3,p10-w-story3,p10-w-story3,p21-c-story3,A2R5TVQYSZE74K,32M8BPYGATLOXBSR95RFBEXYLKCGIQ,1,1,0,0,1
ObjectId(5f511adb7135b900043ea8f5),ObjectId(5f4d85cb11775029c4746a15),FALSE,c,p9-c-story1,p9-c-story1,p3-w-story1,p9-c-story1,p3-w-story1,A2U3H5KUYAQN24,3GNCZX450IMF462S00PPOPN7901APL,1,1,0,1,0
ObjectId(5f511e957135b900043ea969),ObjectId(5f4d85cb11775029c4746a1d),FALSE,c,p3-w-story1,p3-w-story1,p15-c-story1,p3-w-story1,p3-w-story1,A2UTJVQF1MWQK7,3LEP4MGT3GZBYJ4U15YQJ6QODZJDB5,0,0,1,0,0
ObjectId(5f511eb37135b900043ea96b),ObjectId(5f4d85cb11775029c4746a1e),TRUE,w,p6-w-story1,p6-w-story1,p6-w-story1,p6-w-story1,p6-w-story1,A2UTJVQF1MWQK7,3LEP4MGT3GZBYJ4U15YQJ6QODZJDB5,1,1,1,1,1
ObjectId(5f511ee87135b900043ea974),ObjectId(5f4d85cb11775029c4746a30),FALSE,c,p14-w-story2,p14-w-story2,p14-w-story2,p14-w-story2,p14-w-story2,A2UTJVQF1MWQK7,3LEP4MGT3GZBYJ4U15YQJ6QODZJDB5,0,0,0,0,0
ObjectId(5f511f087135b900043ea978),ObjectId(5f4d85cb11775029c4746a3d),TRUE,w,p13-c-story3,p13-c-story3,p13-c-story3,p13-c-story3,p13-c-story3,A2UTJVQF1MWQK7,3LEP4MGT3GZBYJ4U15YQJ6QODZJDB5,0,0,0,0,0
ObjectId(5f511f747135b900043ea98a),ObjectId(5f4d85cb11775029c4746a3f),FALSE,c,p16-w-story3,p16-w-story3,p16-w-story3,p16-w-story3,p16-w-story3,A2UTJVQF1MWQK7,3LEP4MGT3GZBYJ4U15YQJ6QODZJDB5,0,0,0,0,0
ObjectId(5f511e7d7135b900043ea964),ObjectId(5f4d85cb11775029c4746a17),FALSE,c,p22-w-story1,p9-c-story1,p9-c-story1,p22-w-story1,p22-w-story1,A2WZ73JTL61BU3,3LRLIPTPEQ8ETF5CN8KHS818FQVKAU,0,1,1,0,0
ObjectId(5f51173c7135b900043ea894),ObjectId(5f4d85cb11775029c4746a1b),TRUE,w,p22-w-story1,p22-w-story1,p22-w-story1,p22-w-story1,p22-w-story1,A2XM0NXWJSURRX,36PW28KO4ZVB7FD2RM9EUDO3VTZAE0,1,1,1,1,1
ObjectId(5f5117ad7135b900043ea89c),ObjectId(5f4d85cb11775029c4746a20),TRUE,w,p24-w-story1,p15-c-story1,p24-w-story1,p24-w-story1,p24-w-story1,A2XM0NXWJSURRX,36PW28KO4ZVB7FD2RM9EUDO3VTZAE0,1,0,1,1,1
ObjectId(5f5118047135b900043ea8a2),ObjectId(5f4d85cb11775029c4746a24),TRUE,w,p24-w-story1,p19-c-story1,p24-w-story1,p24-w-story1,p24-w-story1,A2XM0NXWJSURRX,36PW28KO4ZVB7FD2RM9EUDO3VTZAE0,1,0,1,1,1
ObjectId(5f51184a7135b900043ea8a6),ObjectId(5f4d85cb11775029c4746a2b),FALSE,c,p12-w-story2,p12-w-story2,p12-w-story2,p12-w-story2,p12-w-story2,A2XM0NXWJSURRX,36PW28KO4ZVB7FD2RM9EUDO3VTZAE0,0,0,0,0,0
ObjectId(5f51188e7135b900043ea8aa),ObjectId(5f4d85cb11775029c4746a41),TRUE,w,p8-w-story3,p21-c-story3,p8-w-story3,p8-w-story3,p8-w-story3,A2XM0NXWJSURRX,36PW28KO4ZVB7FD2RM9EUDO3VTZAE0,1,0,1,1,1
ObjectId(5f5120d27135b900043ea98f),ObjectId(5f4d85cb11775029c4746a15),FALSE,c,p3-w-story1,p9-c-story1,p9-c-story1,p9-c-story1,p9-c-story1,A30NGIKN7761QK,3HOSI13XHZN4DG2EF1PWEWEOGKVDDC,0,1,1,1,1
ObjectId(5f5121737135b900043ea995),ObjectId(5f4d85cb11775029c4746a23),TRUE,w,p22-w-story1,p22-w-story1,p22-w-story1,p22-w-story1,p22-w-story1,A30NGIKN7761QK,3HOSI13XHZN4DG2EF1PWEWEOGKVDDC,1,1,1,1,1
ObjectId(5f5122177135b900043ea9a0),ObjectId(5f4d85cb11775029c4746a2c),TRUE,w,p14-w-story2,p14-w-story2,p14-w-story2,p14-w-story2,p14-w-story2,A30NGIKN7761QK,3HOSI13XHZN4DG2EF1PWEWEOGKVDDC,1,1,1,1,1
ObjectId(5f5122ea7135b900043ea9ab),ObjectId(5f4d85cb11775029c4746a2e),TRUE,w,p5-w-story2,p5-w-story2,p5-w-story2,p5-w-story2,p5-w-story2,A30NGIKN7761QK,3HOSI13XHZN4DG2EF1PWEWEOGKVDDC,1,1,1,1,1
ObjectId(5f5123957135b900043ea9ac),ObjectId(5f4d85cb11775029c4746a3a),FALSE,c,p10-w-story3,p10-w-story3,p10-w-story3,p10-w-story3,p10-w-story3,A30NGIKN7761QK,3HOSI13XHZN4DG2EF1PWEWEOGKVDDC,0,0,0,0,0
ObjectId(5f4f118b1425ed0004a72d95),ObjectId(5f4d85cb11775029c4746a23),FALSE,c,p19-c-story1,p19-c-story1,p19-c-story1,p19-c-story1,p19-c-story1,A30WJIU1I09W5D,3S96KQ6I9M3BU5YB1RPBJ0WAJ3CDTI,1,1,1,1,1
ObjectId(5f4f12541425ed0004a72dab),ObjectId(5f4d85cb11775029c4746a2e),FALSE,c,p5-w-story2,p5-w-story2,p5-w-story2,p5-w-story2,p5-w-story2,A30WJIU1I09W5D,3S96KQ6I9M3BU5YB1RPBJ0WAJ3CDTI,0,0,0,0,0
ObjectId(5f4f12c11425ed0004a72db1),ObjectId(5f4d85cb11775029c4746a3a),TRUE,w,p10-w-story3,p10-w-story3,p10-w-story3,p10-w-story3,p10-w-story3,A30WJIU1I09W5D,3S96KQ6I9M3BU5YB1RPBJ0WAJ3CDTI,1,1,1,1,1
ObjectId(5f4f13091425ed0004a72db5),ObjectId(5f4d85cb11775029c4746a3c),FALSE,c,p20-w-story3,p20-w-story3,p20-w-story3,p20-w-story3,p20-w-story3,A30WJIU1I09W5D,3S96KQ6I9M3BU5YB1RPBJ0WAJ3CDTI,0,0,0,0,0
ObjectId(5f4f13de1425ed0004a72db8),ObjectId(5f4d85cb11775029c4746a3f),FALSE,c,p13-c-story3,p13-c-story3,p13-c-story3,p13-c-story3,p13-c-story3,A30WJIU1I09W5D,3S96KQ6I9M3BU5YB1RPBJ0WAJ3CDTI,1,1,1,1,1
ObjectId(5f4f14b41425ed0004a72dba),ObjectId(5f4d85cb11775029c4746a42),TRUE,w,p21-c-story3,p21-c-story3,p21-c-story3,p21-c-story3,p10-w-story3,A30WJIU1I09W5D,3S96KQ6I9M3BU5YB1RPBJ0WAJ3CDTI,0,0,0,0,1
ObjectId(5f52a2a198e2a700042c4ff0),ObjectId(5f4d85cb11775029c4746a15),TRUE,w,p3-w-story1,p3-w-story1,p9-c-story1,p9-c-story1,p3-w-story1,A328P1YAYCPB7W,326O153BMIX95MGEBW0GKEW9GZPDE4,1,1,0,0,1
ObjectId(5f52a2b698e2a700042c4ff3),ObjectId(5f4d85cb11775029c4746a1a),TRUE,w,p11-c-story1,p11-c-story1,p6-w-story1,p11-c-story1,p11-c-story1,A328P1YAYCPB7W,326O153BMIX95MGEBW0GKEW9GZPDE4,0,0,1,0,0
ObjectId(5f52a2c898e2a700042c4ff6),ObjectId(5f4d85cb11775029c4746a1e),TRUE,w,p6-w-story1,p6-w-story1,p15-c-story1,p15-c-story1,p6-w-story1,A328P1YAYCPB7W,326O153BMIX95MGEBW0GKEW9GZPDE4,1,1,0,0,1
ObjectId(5f52a2da98e2a700042c4ff9),ObjectId(5f4d85cb11775029c4746a29),FALSE,c,p17-c-story2,p17-c-story2,p1-w-story2,p17-c-story2,p17-c-story2,A328P1YAYCPB7W,326O153BMIX95MGEBW0GKEW9GZPDE4,1,1,0,1,1
ObjectId(5f52a31498e2a700042c5001),ObjectId(5f4d85cb11775029c4746a42),TRUE,w,p21-c-story3,p21-c-story3,p10-w-story3,p21-c-story3,p21-c-story3,A328P1YAYCPB7W,326O153BMIX95MGEBW0GKEW9GZPDE4,0,0,1,0,0
ObjectId(5f52a1f698e2a700042c4fd0),ObjectId(5f4d85cb11775029c4746a18),TRUE,w,p24-w-story1,p24-w-story1,p24-w-story1,p24-w-story1,p24-w-story1,A32KIX5I6BMYCV,3KRVW3HTZNKDJZR9PKJOSLNIQ4QSM2,1,1,1,1,1
ObjectId(5f52a25398e2a700042c4fe1),ObjectId(5f4d85cb11775029c4746a20),TRUE,w,p24-w-story1,p24-w-story1,p24-w-story1,p24-w-story1,p24-w-story1,A32KIX5I6BMYCV,3KRVW3HTZNKDJZR9PKJOSLNIQ4QSM2,1,1,1,1,1
ObjectId(5f52a29d98e2a700042c4fef),ObjectId(5f4d85cb11775029c4746a22),TRUE,w,p19-c-story1,p19-c-story1,p6-w-story1,p6-w-story1,p6-w-story1,A32KIX5I6BMYCV,3KRVW3HTZNKDJZR9PKJOSLNIQ4QSM2,0,0,1,1,1
ObjectId(5f52a31e98e2a700042c5004),ObjectId(5f4d85cb11775029c4746a25),FALSE,c,p1-w-story2,p1-w-story2,p7-c-story2,p7-c-story2,p1-w-story2,A32KIX5I6BMYCV,3KRVW3HTZNKDJZR9PKJOSLNIQ4QSM2,0,0,1,1,0
ObjectId(5f52a39998e2a700042c500c),ObjectId(5f4d85cb11775029c4746a2a),FALSE,c,p5-w-story2,p5-w-story2,p5-w-story2,p5-w-story2,p5-w-story2,A32KIX5I6BMYCV,3KRVW3HTZNKDJZR9PKJOSLNIQ4QSM2,0,0,0,0,0
ObjectId(5f52a3f098e2a700042c5011),ObjectId(5f4d85cb11775029c4746a42),TRUE,w,p21-c-story3,p21-c-story3,p10-w-story3,p10-w-story3,p10-w-story3,A32KIX5I6BMYCV,3KRVW3HTZNKDJZR9PKJOSLNIQ4QSM2,0,0,1,1,1
ObjectId(5f4dafa11c72630004c183d0),ObjectId(5f4d85cb11775029c4746a19),TRUE,w,p3-w-story1,p11-c-story1,p11-c-story1,p11-c-story1,p11-c-story1,A33N5FSZEXGCMN,3B3WTRP3DB157GRH6W0DWH4US2K29S,1,0,0,0,0
ObjectId(5f4f14f61425ed0004a72dbd),ObjectId(5f4d85cb11775029c4746a18),FALSE,c,p9-c-story1,p24-w-story1,p9-c-story1,p24-w-story1,p9-c-story1,A35HDLA0L1C6V9,3WEV0KO0OMRAF5LWCRKL9V0OHKYDST,1,0,1,0,1
ObjectId(5f4f15211425ed0004a72dbe),ObjectId(5f4d85cb11775029c4746a1e),FALSE,c,p15-c-story1,p15-c-story1,p6-w-story1,p15-c-story1,p15-c-story1,A35HDLA0L1C6V9,3WEV0KO0OMRAF5LWCRKL9V0OHKYDST,1,1,0,1,1
ObjectId(5f4f15421425ed0004a72dbf),ObjectId(5f4d85cb11775029c4746a27),TRUE,w,p12-w-story2,p12-w-story2,p12-w-story2,p12-w-story2,p12-w-story2,A35HDLA0L1C6V9,3WEV0KO0OMRAF5LWCRKL9V0OHKYDST,1,1,1,1,1
ObjectId(5f4f15691425ed0004a72dc0),ObjectId(5f4d85cb11775029c4746a28),FALSE,c,p7-c-story2,p7-c-story2,p7-c-story2,p7-c-story2,p7-c-story2,A35HDLA0L1C6V9,3WEV0KO0OMRAF5LWCRKL9V0OHKYDST,1,1,1,1,1
ObjectId(5f4f15c31425ed0004a72dc4),ObjectId(5f4d85cb11775029c4746a42),TRUE,w,p10-w-story3,p10-w-story3,p10-w-story3,p10-w-story3,p10-w-story3,A35HDLA0L1C6V9,3WEV0KO0OMRAF5LWCRKL9V0OHKYDST,1,1,1,1,1
ObjectId(5f52a13b98e2a700042c4fb6),ObjectId(5f4d85cb11775029c4746a1d),FALSE,c,p15-c-story1,p15-c-story1,p3-w-story1,p3-w-story1,p3-w-story1,A36W7ZBVQIH288,3TUI152ZZBM4AUQ74UBLDTKEA5AQ13,1,1,0,0,0
ObjectId(5f52a16398e2a700042c4fb9),ObjectId(5f4d85cb11775029c4746a25),FALSE,c,p7-c-story2,p7-c-story2,p1-w-story2,p1-w-story2,p1-w-story2,A36W7ZBVQIH288,3TUI152ZZBM4AUQ74UBLDTKEA5AQ13,1,1,0,0,0
ObjectId(5f52a19798e2a700042c4fbc),ObjectId(5f4d85cb11775029c4746a2a),TRUE,w,p17-c-story2,p17-c-story2,p5-w-story2,p5-w-story2,p17-c-story2,A36W7ZBVQIH288,3TUI152ZZBM4AUQ74UBLDTKEA5AQ13,0,0,1,1,0
ObjectId(5f52a1aa98e2a700042c4fc0),ObjectId(5f4d85cb11775029c4746a31),TRUE,w,p23-c-story2,p23-c-story2,p1-w-story2,p23-c-story2,p23-c-story2,A36W7ZBVQIH288,3TUI152ZZBM4AUQ74UBLDTKEA5AQ13,0,0,1,0,0
ObjectId(5f52a1bf98e2a700042c4fc5),ObjectId(5f4d85cb11775029c4746a32),FALSE,c,p5-w-story2,p5-w-story2,p23-c-story2,p5-w-story2,p5-w-story2,A36W7ZBVQIH288,3TUI152ZZBM4AUQ74UBLDTKEA5AQ13,0,0,1,0,0
ObjectId(5f52a1e398e2a700042c4fcc),ObjectId(5f4d85cb11775029c4746a36),TRUE,w,p10-w-story3,p10-w-story3,p2-c-story3,p10-w-story3,p10-w-story3,A36W7ZBVQIH288,3TUI152ZZBM4AUQ74UBLDTKEA5AQ13,1,1,0,1,1
ObjectId(5f511e2a7135b900043ea961),ObjectId(5f4d85cb11775029c4746a18),FALSE,c,p9-c-story1,p9-c-story1,p9-c-story1,p9-c-story1,p9-c-story1,A39R4YYNWO6IDT,3TDXMTX3CBTM0I3LXSITZNK9R3GI6R,1,1,1,1,1
ObjectId(5f511f247135b900043ea981),ObjectId(5f4d85cb11775029c4746a30),TRUE,w,p14-w-story2,p14-w-story2,p14-w-story2,p14-w-story2,p14-w-story2,A39R4YYNWO6IDT,3TDXMTX3CBTM0I3LXSITZNK9R3GI6R,1,1,1,1,1
ObjectId(5f511f527135b900043ea988),ObjectId(5f4d85cb11775029c4746a34),TRUE,w,p23-c-story2,p23-c-story2,p23-c-story2,p23-c-story2,p23-c-story2,A39R4YYNWO6IDT,3TDXMTX3CBTM0I3LXSITZNK9R3GI6R,0,0,0,0,0
ObjectId(5f511f9a7135b900043ea98b),ObjectId(5f4d85cb11775029c4746a3d),TRUE,w,p8-w-story3,p8-w-story3,p8-w-story3,p13-c-story3,p13-c-story3,A39R4YYNWO6IDT,3TDXMTX3CBTM0I3LXSITZNK9R3GI6R,1,1,1,0,0
ObjectId(5f511fc47135b900043ea98c),ObjectId(5f4d85cb11775029c4746a3f),TRUE,w,p16-w-story3,p13-c-story3,p13-c-story3,p16-w-story3,p16-w-story3,A39R4YYNWO6IDT,3TDXMTX3CBTM0I3LXSITZNK9R3GI6R,1,0,0,1,1
ObjectId(5f52a24c98e2a700042c4fdf),ObjectId(5f4d85cb11775029c4746a1c),TRUE,w,p11-c-story1,p11-c-story1,p24-w-story1,p24-w-story1,p24-w-story1,A39VZ93N96XB6O,3TXWC2NHNZPYCF8F0BFJNZHYQ5JS93,0,0,1,1,1
ObjectId(5f52a30c98e2a700042c5000),ObjectId(5f4d85cb11775029c4746a22),TRUE,w,p6-w-story1,p19-c-story1,p6-w-story1,p6-w-story1,p6-w-story1,A39VZ93N96XB6O,3TXWC2NHNZPYCF8F0BFJNZHYQ5JS93,1,0,1,1,1
ObjectId(5f52a3e798e2a700042c5010),ObjectId(5f4d85cb11775029c4746a25),TRUE,w,p1-w-story2,p7-c-story2,p7-c-story2,p7-c-story2,p7-c-story2,A39VZ93N96XB6O,3TXWC2NHNZPYCF8F0BFJNZHYQ5JS93,1,0,0,0,0
ObjectId(5f52a40b98e2a700042c5012),ObjectId(5f4d85cb11775029c4746a27),FALSE,c,p12-w-story2,p12-w-story2,p12-w-story2,p12-w-story2,p12-w-story2,A39VZ93N96XB6O,3TXWC2NHNZPYCF8F0BFJNZHYQ5JS93,0,0,0,0,0
ObjectId(5f52a44898e2a700042c5015),ObjectId(5f4d85cb11775029c4746a2f),FALSE,c,p12-w-story2,p12-w-story2,p12-w-story2,p12-w-story2,p12-w-story2,A39VZ93N96XB6O,3TXWC2NHNZPYCF8F0BFJNZHYQ5JS93,0,0,0,0,0
ObjectId(5f52a48998e2a700042c501b),ObjectId(5f4d85cb11775029c4746a36),TRUE,w,p2-c-story3,p10-w-story3,p10-w-story3,p10-w-story3,p10-w-story3,A39VZ93N96XB6O,3TXWC2NHNZPYCF8F0BFJNZHYQ5JS93,0,1,1,1,1
ObjectId(5f5120b07135b900043ea98e),ObjectId(5f4d85cb11775029c4746a1e),FALSE,c,p15-c-story1,p6-w-story1,p6-w-story1,p6-w-story1,p15-c-story1,A3ENDV5PRQI2U2,3K4J6M3CXES9RT9TXHZ2UG9F89EAGH,1,0,0,0,1
ObjectId(5f5120f77135b900043ea990),ObjectId(5f4d85cb11775029c4746a2c),TRUE,w,p17-c-story2,p17-c-story2,p17-c-story2,p17-c-story2,p17-c-story2,A3ENDV5PRQI2U2,3K4J6M3CXES9RT9TXHZ2UG9F89EAGH,0,0,0,0,0
ObjectId(5f5121227135b900043ea993),ObjectId(5f4d85cb11775029c4746a2d),FALSE,c,p18-c-story2,p1-w-story2,p18-c-story2,p18-c-story2,p18-c-story2,A3ENDV5PRQI2U2,3K4J6M3CXES9RT9TXHZ2UG9F89EAGH,1,0,1,1,1
ObjectId(5f5121927135b900043ea996),ObjectId(5f4d85cb11775029c4746a3c),FALSE,c,p20-w-story3,p20-w-story3,p20-w-story3,p20-w-story3,p20-w-story3,A3ENDV5PRQI2U2,3K4J6M3CXES9RT9TXHZ2UG9F89EAGH,0,0,0,0,0
ObjectId(5f5121e77135b900043ea99b),ObjectId(5f4d85cb11775029c4746a41),TRUE,w,p8-w-story3,p8-w-story3,p21-c-story3,p21-c-story3,p8-w-story3,A3ENDV5PRQI2U2,3K4J6M3CXES9RT9TXHZ2UG9F89EAGH,1,1,0,0,1
ObjectId(5f51185a7135b900043ea8a8),ObjectId(5f4d85cb11775029c4746a17),TRUE,w,p9-c-story1,p22-w-story1,p9-c-story1,p22-w-story1,p22-w-story1,A3F1IPAKO01TMJ,3Q8GYXHFEP1Z4BH70ZC2WE8EI3L5CW,0,1,0,1,1
ObjectId(5f5118e87135b900043ea8b0),ObjectId(5f4d85cb11775029c4746a1b),TRUE,w,p11-c-story1,p22-w-story1,p11-c-story1,p22-w-story1,p22-w-story1,A3F1IPAKO01TMJ,3Q8GYXHFEP1Z4BH70ZC2WE8EI3L5CW,0,1,0,1,1
ObjectId(5f51198d7135b900043ea8c3),ObjectId(5f4d85cb11775029c4746a20),TRUE,w,p24-w-story1,p24-w-story1,p24-w-story1,p24-w-story1,p24-w-story1,A3F1IPAKO01TMJ,3Q8GYXHFEP1Z4BH70ZC2WE8EI3L5CW,1,1,1,1,1
ObjectId(5f511a1f7135b900043ea8d9),ObjectId(5f4d85cb11775029c4746a2b),TRUE,w,p12-w-story2,p12-w-story2,p12-w-story2,p12-w-story2,p12-w-story2,A3F1IPAKO01TMJ,3Q8GYXHFEP1Z4BH70ZC2WE8EI3L5CW,1,1,1,1,1
ObjectId(5f511ad37135b900043ea8f2),ObjectId(5f4d85cb11775029c4746a43),TRUE,w,p21-c-story3,p16-w-story3,p16-w-story3,p16-w-story3,p16-w-story3,A3F1IPAKO01TMJ,3Q8GYXHFEP1Z4BH70ZC2WE8EI3L5CW,0,1,1,1,1
ObjectId(5f5120ab7135b900043ea98d),ObjectId(5f4d85cb11775029c4746a1a),TRUE,w,p6-w-story1,p6-w-story1,p11-c-story1,p11-c-story1,p6-w-story1,A3FCZ5ONB69W09,3ZQIG0FLQEFPG32RNHUGC69GN76VW3,1,1,0,0,1
ObjectId(5f51212f7135b900043ea994),ObjectId(5f4d85cb11775029c4746a23),TRUE,w,p19-c-story1,p22-w-story1,p22-w-story1,p22-w-story1,p22-w-story1,A3FCZ5ONB69W09,3ZQIG0FLQEFPG32RNHUGC69GN76VW3,0,1,1,1,1
ObjectId(5f5121a57135b900043ea997),ObjectId(5f4d85cb11775029c4746a2c),FALSE,c,p14-w-story2,p14-w-story2,p14-w-story2,p14-w-story2,p14-w-story2,A3FCZ5ONB69W09,3ZQIG0FLQEFPG32RNHUGC69GN76VW3,0,0,0,0,0
ObjectId(5f51220d7135b900043ea99f),ObjectId(5f4d85cb11775029c4746a2d),TRUE,w,p1-w-story2,p1-w-story2,p18-c-story2,p18-c-story2,p18-c-story2,A3FCZ5ONB69W09,3ZQIG0FLQEFPG32RNHUGC69GN76VW3,1,1,0,0,0
ObjectId(5f5122887135b900043ea9a7),ObjectId(5f4d85cb11775029c4746a3f),TRUE,w,p13-c-story3,p13-c-story3,p16-w-story3,p16-w-story3,p16-w-story3,A3FCZ5ONB69W09,3ZQIG0FLQEFPG32RNHUGC69GN76VW3,0,0,1,1,1
ObjectId(5f5122e77135b900043ea9aa),ObjectId(5f4d85cb11775029c4746a41),TRUE,w,p8-w-story3,p8-w-story3,p21-c-story3,p21-c-story3,p21-c-story3,A3FCZ5ONB69W09,3ZQIG0FLQEFPG32RNHUGC69GN76VW3,1,1,0,0,0
ObjectId(5f511a8f7135b900043ea8eb),ObjectId(5f4d85cb11775029c4746a2c),TRUE,w,p14-w-story2,p14-w-story2,p14-w-story2,p14-w-story2,p14-w-story2,A3FXKT0PHM45TY,3R08VXYT7CUN5D1V5JR06STD1PY7WM,1,1,1,1,1
ObjectId(5f511b7c7135b900043ea92d),ObjectId(5f4d85cb11775029c4746a2d),FALSE,c,p1-w-story2,p1-w-story2,p1-w-story2,p1-w-story2,p1-w-story2,A3FXKT0PHM45TY,3R08VXYT7CUN5D1V5JR06STD1PY7WM,0,0,0,0,0
ObjectId(5f511bde7135b900043ea936),ObjectId(5f4d85cb11775029c4746a2f),FALSE,c,p12-w-story2,p12-w-story2,p12-w-story2,p12-w-story2,p12-w-story2,A3FXKT0PHM45TY,3R08VXYT7CUN5D1V5JR06STD1PY7WM,0,0,0,0,0
ObjectId(5f511c8b7135b900043ea940),ObjectId(5f4d85cb11775029c4746a37),TRUE,w,p16-w-story3,p16-w-story3,p16-w-story3,p16-w-story3,p16-w-story3,A3FXKT0PHM45TY,3R08VXYT7CUN5D1V5JR06STD1PY7WM,1,1,1,1,1
ObjectId(5f511d037135b900043ea950),ObjectId(5f4d85cb11775029c4746a40),FALSE,c,p13-c-story3,p13-c-story3,p13-c-story3,p13-c-story3,p13-c-story3,A3FXKT0PHM45TY,3R08VXYT7CUN5D1V5JR06STD1PY7WM,1,1,1,1,1
ObjectId(5f511d8b7135b900043ea95b),ObjectId(5f4d85cb11775029c4746a44),TRUE,w,p20-w-story3,p20-w-story3,p20-w-story3,p20-w-story3,p20-w-story3,A3FXKT0PHM45TY,3R08VXYT7CUN5D1V5JR06STD1PY7WM,1,1,1,1,1
ObjectId(5f4d99da54c50d0004d7fb2d),ObjectId(5f4d85cb11775029c4746a1a),TRUE,w,p11-c-story1,p11-c-story1,p11-c-story1,p11-c-story1,p11-c-story1,A3K9GTQBOI7O5A,3SITXWYCNV8PWP9BS5Z2DDTGTBOBXM,0,0,0,0,0
ObjectId(5f52a71398e2a700042c5042),ObjectId(5f4d85cb11775029c4746a21),TRUE,w,p19-c-story1,p19-c-story1,p19-c-story1,p19-c-story1,p19-c-story1,A3K9GTQBOI7O5A,3ZPBJO59KP0LPW7G1X8M5HTM8FHDHK,0,0,0,0,0
ObjectId(5f52a7b798e2a700042c5047),ObjectId(5f4d85cb11775029c4746a24),FALSE,c,p19-c-story1,p19-c-story1,p19-c-story1,p19-c-story1,p19-c-story1,A3K9GTQBOI7O5A,3ZPBJO59KP0LPW7G1X8M5HTM8FHDHK,1,1,1,1,1
ObjectId(5f4d9a6754c50d0004d7fb30),ObjectId(5f4d85cb11775029c4746a29),TRUE,w,p17-c-story2,p17-c-story2,p17-c-story2,p17-c-story2,p17-c-story2,A3K9GTQBOI7O5A,3SITXWYCNV8PWP9BS5Z2DDTGTBOBXM,0,0,0,0,0
ObjectId(5f52a83e98e2a700042c5052),ObjectId(5f4d85cb11775029c4746a2b),FALSE,c,p12-w-story2,p12-w-story2,p12-w-story2,p12-w-story2,p12-w-story2,A3K9GTQBOI7O5A,3ZPBJO59KP0LPW7G1X8M5HTM8FHDHK,0,0,0,0,0
ObjectId(5f4d9bef54c50d0004d7fb36),ObjectId(5f4d85cb11775029c4746a31),TRUE,w,p1-w-story2,p1-w-story2,p1-w-story2,p1-w-story2,p1-w-story2,A3K9GTQBOI7O5A,3SITXWYCNV8PWP9BS5Z2DDTGTBOBXM,1,1,1,1,1
ObjectId(5f4d9c5054c50d0004d7fb37),ObjectId(5f4d85cb11775029c4746a35),FALSE,c,p2-c-story3,p2-c-story3,p2-c-story3,p2-c-story3,p2-c-story3,A3K9GTQBOI7O5A,3SITXWYCNV8PWP9BS5Z2DDTGTBOBXM,1,1,1,1,1
ObjectId(5f4d9c8e54c50d0004d7fb38),ObjectId(5f4d85cb11775029c4746a36),TRUE,w,p2-c-story3,p2-c-story3,p2-c-story3,p2-c-story3,p2-c-story3,A3K9GTQBOI7O5A,3SITXWYCNV8PWP9BS5Z2DDTGTBOBXM,0,0,0,0,0
ObjectId(5f52a95298e2a700042c505e),ObjectId(5f4d85cb11775029c4746a3b),FALSE,c,p16-w-story3,p16-w-story3,p16-w-story3,p16-w-story3,p16-w-story3,A3K9GTQBOI7O5A,3ZPBJO59KP0LPW7G1X8M5HTM8FHDHK,0,0,0,0,0
ObjectId(5f5118417135b900043ea8a4),ObjectId(5f4d85cb11775029c4746a2b),FALSE,c,p12-w-story2,p12-w-story2,p12-w-story2,p12-w-story2,p12-w-story2,A3KP8KFGG6734Q,3C44YUNSI1OD2D54KAGREQVDU3YPD2,0,0,0,0,0
ObjectId(5f5118f47135b900043ea8b2),ObjectId(5f4d85cb11775029c4746a33),FALSE,c,p12-w-story2,p12-w-story2,p12-w-story2,p12-w-story2,p12-w-story2,A3KP8KFGG6734Q,3C44YUNSI1OD2D54KAGREQVDU3YPD2,0,0,0,0,0
ObjectId(5f511a587135b900043ea8e4),ObjectId(5f4d85cb11775029c4746a39),FALSE,c,p4-c-story3,p4-c-story3,p4-c-story3,p4-c-story3,p4-c-story3,A3KP8KFGG6734Q,3C44YUNSI1OD2D54KAGREQVDU3YPD2,1,1,1,1,1
ObjectId(5f511ac27135b900043ea8f1),ObjectId(5f4d85cb11775029c4746a43),TRUE,w,p16-w-story3,p16-w-story3,p16-w-story3,p16-w-story3,p16-w-story3,A3KP8KFGG6734Q,3C44YUNSI1OD2D54KAGREQVDU3YPD2,1,1,1,1,1
ObjectId(5f511b767135b900043ea92c),ObjectId(5f4d85cb11775029c4746a44),FALSE,c,p20-w-story3,p20-w-story3,p20-w-story3,p20-w-story3,p20-w-story3,A3KP8KFGG6734Q,3C44YUNSI1OD2D54KAGREQVDU3YPD2,0,0,0,0,0
ObjectId(5f52a27898e2a700042c4fe8),ObjectId(5f4d85cb11775029c4746a19),TRUE,w,p3-w-story1,p3-w-story1,p3-w-story1,p3-w-story1,p3-w-story1,A3NEJLDF75PC11,3W2LOLRXLBE6SWRTPJ63NYQIFXCKR1,1,1,1,1,1
ObjectId(5f52a33598e2a700042c5007),ObjectId(5f4d85cb11775029c4746a22),FALSE,c,p6-w-story1,p6-w-story1,p6-w-story1,p6-w-story1,p6-w-story1,A3NEJLDF75PC11,3W2LOLRXLBE6SWRTPJ63NYQIFXCKR1,0,0,0,0,0
ObjectId(5f52a48d98e2a700042c501c),ObjectId(5f4d85cb11775029c4746a2a),FALSE,c,p5-w-story2,p5-w-story2,p5-w-story2,p5-w-story2,p5-w-story2,A3NEJLDF75PC11,3W2LOLRXLBE6SWRTPJ63NYQIFXCKR1,0,0,0,0,0
ObjectId(5f52a54a98e2a700042c5028),ObjectId(5f4d85cb11775029c4746a2f),TRUE,w,p12-w-story2,p12-w-story2,p12-w-story2,p12-w-story2,p12-w-story2,A3NEJLDF75PC11,3W2LOLRXLBE6SWRTPJ63NYQIFXCKR1,1,1,1,1,1
ObjectId(5f52a6a298e2a700042c5040),ObjectId(5f4d85cb11775029c4746a31),TRUE,w,p1-w-story2,p1-w-story2,p1-w-story2,p1-w-story2,p1-w-story2,A3NEJLDF75PC11,3W2LOLRXLBE6SWRTPJ63NYQIFXCKR1,1,1,1,1,1
ObjectId(5f5118c67135b900043ea8ac),ObjectId(5f4d85cb11775029c4746a18),FALSE,c,p9-c-story1,p9-c-story1,p24-w-story1,p24-w-story1,p24-w-story1,A3QFFNXHRO59JL,3FTYUGLFSUK993NL0V7DGKQW33X5DW,1,1,0,0,0
ObjectId(5f5118e87135b900043ea8af),ObjectId(5f4d85cb11775029c4746a19),FALSE,c,p11-c-story1,p11-c-story1,p11-c-story1,p11-c-story1,p11-c-story1,A3QFFNXHRO59JL,3FTYUGLFSUK993NL0V7DGKQW33X5DW,1,1,1,1,1
ObjectId(5f51190c7135b900043ea8b4),ObjectId(5f4d85cb11775029c4746a1f),FALSE,c,p15-c-story1,p15-c-story1,p15-c-story1,p15-c-story1,p15-c-story1,A3QFFNXHRO59JL,3FTYUGLFSUK993NL0V7DGKQW33X5DW,1,1,1,1,1
ObjectId(5f5119227135b900043ea8b5),ObjectId(5f4d85cb11775029c4746a27),TRUE,w,p7-c-story2,p7-c-story2,p7-c-story2,p7-c-story2,p7-c-story2,A3QFFNXHRO59JL,3FTYUGLFSUK993NL0V7DGKQW33X5DW,0,0,0,0,0
ObjectId(5f5119387135b900043ea8bb),ObjectId(5f4d85cb11775029c4746a38),TRUE,w,p2-c-story3,p2-c-story3,p2-c-story3,p2-c-story3,p2-c-story3,A3QFFNXHRO59JL,3FTYUGLFSUK993NL0V7DGKQW33X5DW,0,0,0,0,0
ObjectId(5f5119577135b900043ea8bc),ObjectId(5f4d85cb11775029c4746a41),TRUE,w,p21-c-story3,p21-c-story3,p21-c-story3,p21-c-story3,p21-c-story3,A3QFFNXHRO59JL,3FTYUGLFSUK993NL0V7DGKQW33X5DW,0,0,0,0,0
ObjectId(5f51196f7135b900043ea8be),ObjectId(5f4d85cb11775029c4746a44),TRUE,w,p21-c-story3,p21-c-story3,p21-c-story3,p21-c-story3,p21-c-story3,A3QFFNXHRO59JL,3FTYUGLFSUK993NL0V7DGKQW33X5DW,0,0,0,0,0
ObjectId(5f5119bc7135b900043ea8c8),ObjectId(5f4d85cb11775029c4746a15),TRUE,w,p3-w-story1,p3-w-story1,p9-c-story1,p9-c-story1,p9-c-story1,A3U0TGLJWTYXGS,3WAKVUDHUWFAD9CQAJCZO48GG9N7UN,1,1,0,0,0
ObjectId(5f511a0f7135b900043ea8d5),ObjectId(5f4d85cb11775029c4746a16),TRUE,w,p6-w-story1,p6-w-story1,p6-w-story1,p6-w-story1,p6-w-story1,A3U0TGLJWTYXGS,3WAKVUDHUWFAD9CQAJCZO48GG9N7UN,1,1,1,1,1
ObjectId(5f511a527135b900043ea8e0),ObjectId(5f4d85cb11775029c4746a39),FALSE,c,p8-w-story3,p8-w-story3,p8-w-story3,p8-w-story3,p8-w-story3,A3U0TGLJWTYXGS,3WAKVUDHUWFAD9CQAJCZO48GG9N7UN,0,0,0,0,0
ObjectId(5f511af47135b900043ea8f6),ObjectId(5f4d85cb11775029c4746a3b),TRUE,w,p4-c-story3,p4-c-story3,p4-c-story3,p4-c-story3,p4-c-story3,A3U0TGLJWTYXGS,3WAKVUDHUWFAD9CQAJCZO48GG9N7UN,0,0,0,0,0
ObjectId(5f511b717135b900043ea92a),ObjectId(5f4d85cb11775029c4746a40),FALSE,c,p13-c-story3,p13-c-story3,p13-c-story3,p13-c-story3,p13-c-story3,A3U0TGLJWTYXGS,3WAKVUDHUWFAD9CQAJCZO48GG9N7UN,1,1,1,1,1
ObjectId(5f511bd07135b900043ea935),ObjectId(5f4d85cb11775029c4746a44),FALSE,c,p20-w-story3,p20-w-story3,p20-w-story3,p20-w-story3,p20-w-story3,A3U0TGLJWTYXGS,3WAKVUDHUWFAD9CQAJCZO48GG9N7UN,0,0,0,0,0
ObjectId(5f52aa2898e2a700042c5064),ObjectId(5f4d85cb11775029c4746a1d),FALSE,c,p3-w-story1,p3-w-story1,p3-w-story1,p3-w-story1,p3-w-story1,A3V2XCDF45VN9X,3RWE2M8QWH9J08SXSJF4VU6Z02HN0A,0,0,0,0,0
ObjectId(5f52aa6198e2a700042c5066),ObjectId(5f4d85cb11775029c4746a24),FALSE,c,p19-c-story1,p19-c-story1,p19-c-story1,p19-c-story1,p19-c-story1,A3V2XCDF45VN9X,3RWE2M8QWH9J08SXSJF4VU6Z02HN0A,1,1,1,1,1
ObjectId(5f52aa9398e2a700042c5068),ObjectId(5f4d85cb11775029c4746a2d),TRUE,w,p18-c-story2,p18-c-story2,p18-c-story2,p18-c-story2,p18-c-story2,A3V2XCDF45VN9X,3RWE2M8QWH9J08SXSJF4VU6Z02HN0A,0,0,0,0,0
ObjectId(5f52aac598e2a700042c5069),ObjectId(5f4d85cb11775029c4746a37),FALSE,c,p16-w-story3,p16-w-story3,p16-w-story3,p16-w-story3,p16-w-story3,A3V2XCDF45VN9X,3RWE2M8QWH9J08SXSJF4VU6Z02HN0A,0,0,0,0,0
ObjectId(5f52aaf598e2a700042c506b),ObjectId(5f4d85cb11775029c4746a41),TRUE,w,p21-c-story3,p21-c-story3,p21-c-story3,p21-c-story3,p21-c-story3,A3V2XCDF45VN9X,3RWE2M8QWH9J08SXSJF4VU6Z02HN0A,0,0,0,0,0
ObjectId(5f5121007135b900043ea991),ObjectId(5f4d85cb11775029c4746a27),TRUE,w,p12-w-story2,p12-w-story2,p7-c-story2,p7-c-story2,p7-c-story2,A4T4577P6JL6R,36W0OB37HWDOSXCCTFXJW9CPWUYHZO,1,1,0,0,0
ObjectId(5f5119357135b900043ea8b9),ObjectId(5f4d85cb11775029c4746a1f),TRUE,w,p22-w-story1,p22-w-story1,p15-c-story1,p22-w-story1,p15-c-story1,A58208A71VGW,3GNCZX450IMF462S00PPOPN7901PA0,1,1,0,1,0
ObjectId(5f5119b87135b900043ea8c6),ObjectId(5f4d85cb11775029c4746a34),FALSE,c,p23-c-story2,p23-c-story2,p23-c-story2,p23-c-story2,p23-c-story2,A58208A71VGW,3GNCZX450IMF462S00PPOPN7901PA0,1,1,1,1,1
ObjectId(5f5119f17135b900043ea8d0),ObjectId(5f4d85cb11775029c4746a38),TRUE,w,p20-w-story3,p20-w-story3,p20-w-story3,p20-w-story3,p2-c-story3,A58208A71VGW,3GNCZX450IMF462S00PPOPN7901PA0,1,1,1,1,0
ObjectId(5f511a357135b900043ea8db),ObjectId(5f4d85cb11775029c4746a3e),FALSE,c,p13-c-story3,p13-c-story3,p13-c-story3,p10-w-story3,p10-w-story3,A58208A71VGW,3GNCZX450IMF462S00PPOPN7901PA0,1,1,1,0,0
ObjectId(5f511a557135b900043ea8e3),ObjectId(5f4d85cb11775029c4746a43),FALSE,c,p21-c-story3,p21-c-story3,p16-w-story3,p16-w-story3,p16-w-story3,A58208A71VGW,3GNCZX450IMF462S00PPOPN7901PA0,1,1,0,0,0
ObjectId(5f511a6d7135b900043ea8e7),ObjectId(5f4d85cb11775029c4746a44),FALSE,c,p21-c-story3,p21-c-story3,p21-c-story3,p21-c-story3,p20-w-story3,A58208A71VGW,3GNCZX450IMF462S00PPOPN7901PA0,1,1,1,1,0
ObjectId(5f511cc37135b900043ea945),ObjectId(5f4d85cb11775029c4746a16),FALSE,c,p6-w-story1,p6-w-story1,p6-w-story1,p6-w-story1,p6-w-story1,A9PW4DCG5CRXN,3MYYFCXHJ36UP4TCOGPBHDNFGZIG4C,0,0,0,0,0
ObjectId(5f511ce17135b900043ea94b),ObjectId(5f4d85cb11775029c4746a23),FALSE,c,p19-c-story1,p19-c-story1,p19-c-story1,p19-c-story1,p19-c-story1,A9PW4DCG5CRXN,3MYYFCXHJ36UP4TCOGPBHDNFGZIG4C,1,1,1,1,1
ObjectId(5f52a46b98e2a700042c5016),ObjectId(5f4d85cb11775029c4746a26),FALSE,c,p5-w-story2,p5-w-story2,p5-w-story2,p5-w-story2,p5-w-story2,A9PW4DCG5CRXN,3I2PTA7R3TT6GVCTC4H3I8GDJBAKQ0,0,0,0,0,0
ObjectId(5f511cf67135b900043ea94f),ObjectId(5f4d85cb11775029c4746a27),TRUE,w,p12-w-story2,p12-w-story2,p12-w-story2,p12-w-story2,p12-w-story2,A9PW4DCG5CRXN,3MYYFCXHJ36UP4TCOGPBHDNFGZIG4C,1,1,1,1,1
ObjectId(5f511d0b7135b900043ea951),ObjectId(5f4d85cb11775029c4746a2e),TRUE,w,p5-w-story2,p5-w-story2,p5-w-story2,p5-w-story2,p5-w-story2,A9PW4DCG5CRXN,3MYYFCXHJ36UP4TCOGPBHDNFGZIG4C,1,1,1,1,1
ObjectId(5f52a4bf98e2a700042c501f),ObjectId(5f4d85cb11775029c4746a30),TRUE,w,p18-c-story2,p18-c-story2,p18-c-story2,p14-w-story2,p18-c-story2,A9PW4DCG5CRXN,3I2PTA7R3TT6GVCTC4H3I8GDJBAKQ0,0,0,0,1,0
ObjectId(5f52a4f398e2a700042c5022),ObjectId(5f4d85cb11775029c4746a34),FALSE,c,p23-c-story2,p23-c-story2,p14-w-story2,p23-c-story2,p23-c-story2,A9PW4DCG5CRXN,3I2PTA7R3TT6GVCTC4H3I8GDJBAKQ0,1,1,0,1,1
ObjectId(5f52a51d98e2a700042c5025),ObjectId(5f4d85cb11775029c4746a3b),TRUE,w,p16-w-story3,p16-w-story3,p16-w-story3,p16-w-story3,p16-w-story3,A9PW4DCG5CRXN,3I2PTA7R3TT6GVCTC4H3I8GDJBAKQ0,1,1,1,1,1
ObjectId(5f511d207135b900043ea954),ObjectId(5f4d85cb11775029c4746a3c),FALSE,c,p4-c-story3,p20-w-story3,p20-w-story3,p4-c-story3,p20-w-story3,A9PW4DCG5CRXN,3MYYFCXHJ36UP4TCOGPBHDNFGZIG4C,1,0,0,1,0
ObjectId(5f52a54f98e2a700042c502a),ObjectId(5f4d85cb11775029c4746a40),TRUE,w,p20-w-story3,p20-w-story3,p20-w-story3,p13-c-story3,p20-w-story3,A9PW4DCG5CRXN,3I2PTA7R3TT6GVCTC4H3I8GDJBAKQ0,1,1,1,0,1
ObjectId(5f5118777135b900043ea8a9),ObjectId(5f4d85cb11775029c4746a1a),TRUE,w,p6-w-story1,p6-w-story1,p11-c-story1,p6-w-story1,p6-w-story1,ADLZCDQWTRJKL,3CFJTT4SXTP54IHQG2NL51K5ME0I7Q,1,1,0,1,1
ObjectId(5f51170b7135b900043ea892),ObjectId(5f4d85cb11775029c4746a20),FALSE,c,p15-c-story1,p24-w-story1,p24-w-story1,p15-c-story1,p15-c-story1,AEKP72I9TAOT,392CY0QWG1Q8LVZ7E4PE2P0VVCAI46,1,0,0,1,1
ObjectId(5f51172a7135b900043ea893),ObjectId(5f4d85cb11775029c4746a24),TRUE,w,p19-c-story1,p24-w-story1,p24-w-story1,p19-c-story1,p24-w-story1,AEKP72I9TAOT,392CY0QWG1Q8LVZ7E4PE2P0VVCAI46,0,1,1,0,1
ObjectId(5f5117487135b900043ea895),ObjectId(5f4d85cb11775029c4746a25),TRUE,w,p7-c-story2,p1-w-story2,p1-w-story2,p1-w-story2,p1-w-story2,AEKP72I9TAOT,392CY0QWG1Q8LVZ7E4PE2P0VVCAI46,0,1,1,1,1
ObjectId(5f5117677135b900043ea897),ObjectId(5f4d85cb11775029c4746a2a),FALSE,c,p17-c-story2,p5-w-story2,p17-c-story2,p17-c-story2,p17-c-story2,AEKP72I9TAOT,392CY0QWG1Q8LVZ7E4PE2P0VVCAI46,1,0,1,1,1
ObjectId(5f5117847135b900043ea899),ObjectId(5f4d85cb11775029c4746a41),TRUE,w,p8-w-story3,p8-w-story3,p21-c-story3,p8-w-story3,p8-w-story3,AEKP72I9TAOT,392CY0QWG1Q8LVZ7E4PE2P0VVCAI46,1,1,0,1,1
ObjectId(5f511d4f7135b900043ea956),ObjectId(5f4d85cb11775029c4746a17),TRUE,w,p9-c-story1,p9-c-story1,p9-c-story1,p9-c-story1,p9-c-story1,AFT8BLNNL0N1E,3NL0RFNU0FMZRQPVE7AQF5F8NGZK4J,0,0,0,0,0
ObjectId(5f511d647135b900043ea957),ObjectId(5f4d85cb11775029c4746a24),TRUE,w,p24-w-story1,p24-w-story1,p24-w-story1,p24-w-story1,p24-w-story1,AFT8BLNNL0N1E,3NL0RFNU0FMZRQPVE7AQF5F8NGZK4J,1,1,1,1,1
ObjectId(5f511d797135b900043ea959),ObjectId(5f4d85cb11775029c4746a2a),TRUE,w,p5-w-story2,p5-w-story2,p5-w-story2,p5-w-story2,p5-w-story2,AFT8BLNNL0N1E,3NL0RFNU0FMZRQPVE7AQF5F8NGZK4J,1,1,1,1,1
ObjectId(5f511d927135b900043ea95d),ObjectId(5f4d85cb11775029c4746a38),TRUE,w,p2-c-story3,p2-c-story3,p20-w-story3,p2-c-story3,p2-c-story3,AFT8BLNNL0N1E,3NL0RFNU0FMZRQPVE7AQF5F8NGZK4J,0,0,1,0,0
ObjectId(5f511da77135b900043ea95e),ObjectId(5f4d85cb11775029c4746a43),FALSE,c,p21-c-story3,p21-c-story3,p21-c-story3,p21-c-story3,p21-c-story3,AFT8BLNNL0N1E,3NL0RFNU0FMZRQPVE7AQF5F8NGZK4J,1,1,1,1,1
ObjectId(5f52a9f398e2a700042c505f),ObjectId(5f4d85cb11775029c4746a1a),TRUE,w,p6-w-story1,p6-w-story1,p6-w-story1,p6-w-story1,p6-w-story1,AKX9W0NF71OI7,34QN5IT0TZQYX15TMHQLDXG4B7I807,1,1,1,1,1
ObjectId(5f52a23d98e2a700042c4fdd),ObjectId(5f4d85cb11775029c4746a19),TRUE,w,p11-c-story1,p11-c-story1,p11-c-story1,p11-c-story1,p11-c-story1,AMPMTF5IAAMK8,3MHW492WW0CTBR8DJFOT387PP8KMV1,0,0,0,0,0
ObjectId(5f52a25a98e2a700042c4fe2),ObjectId(5f4d85cb11775029c4746a1f),TRUE,w,p15-c-story1,p15-c-story1,p15-c-story1,p15-c-story1,p15-c-story1,AMPMTF5IAAMK8,3MHW492WW0CTBR8DJFOT387PP8KMV1,0,0,0,0,0
ObjectId(5f52a28b98e2a700042c4fec),ObjectId(5f4d85cb11775029c4746a29),TRUE,w,p1-w-story2,p1-w-story2,p1-w-story2,p1-w-story2,p1-w-story2,AMPMTF5IAAMK8,3MHW492WW0CTBR8DJFOT387PP8KMV1,1,1,1,1,1
ObjectId(5f52a2ba98e2a700042c4ff4),ObjectId(5f4d85cb11775029c4746a2f),TRUE,w,p12-w-story2,p12-w-story2,p12-w-story2,p12-w-story2,p12-w-story2,AMPMTF5IAAMK8,3MHW492WW0CTBR8DJFOT387PP8KMV1,1,1,1,1,1
ObjectId(5f52a2e298e2a700042c4ffb),ObjectId(5f4d85cb11775029c4746a3e),FALSE,c,p13-c-story3,p13-c-story3,p13-c-story3,p13-c-story3,p13-c-story3,AMPMTF5IAAMK8,3MHW492WW0CTBR8DJFOT387PP8KMV1,1,1,1,1,1
ObjectId(5f52a30498e2a700042c4ffe),ObjectId(5f4d85cb11775029c4746a42),TRUE,w,p21-c-story3,p21-c-story3,p21-c-story3,p21-c-story3,p21-c-story3,AMPMTF5IAAMK8,3MHW492WW0CTBR8DJFOT387PP8KMV1,0,0,0,0,0
ObjectId(5f52a46d98e2a700042c5017),ObjectId(5f4d85cb11775029c4746a26),TRUE,w,p7-c-story2,p7-c-story2,p7-c-story2,p7-c-story2,p7-c-story2,AQ9Y6WD8O72ZC,36U2A8VAG1YFPX3F3EYXVUJFIKRKY3,0,0,0,0,0
ObjectId(5f52a78d98e2a700042c5043),ObjectId(5f4d85cb11775029c4746a30),FALSE,c,p14-w-story2,p14-w-story2,p14-w-story2,p14-w-story2,p14-w-story2,AQ9Y6WD8O72ZC,36U2A8VAG1YFPX3F3EYXVUJFIKRKY3,0,0,0,0,0
ObjectId(5f52a81e98e2a700042c5050),ObjectId(5f4d85cb11775029c4746a34),FALSE,c,p23-c-story2,p23-c-story2,p23-c-story2,p23-c-story2,p23-c-story2,AQ9Y6WD8O72ZC,36U2A8VAG1YFPX3F3EYXVUJFIKRKY3,1,1,1,1,1
ObjectId(5f52a86598e2a700042c5053),ObjectId(5f4d85cb11775029c4746a3b),FALSE,c,p16-w-story3,p16-w-story3,p16-w-story3,p16-w-story3,p16-w-story3,AQ9Y6WD8O72ZC,36U2A8VAG1YFPX3F3EYXVUJFIKRKY3,0,0,0,0,0
ObjectId(5f52a8b598e2a700042c505b),ObjectId(5f4d85cb11775029c4746a40),TRUE,w,p13-c-story3,p13-c-story3,p13-c-story3,p13-c-story3,p13-c-story3,AQ9Y6WD8O72ZC,36U2A8VAG1YFPX3F3EYXVUJFIKRKY3,0,0,0,0,0